OrderId,ProductId,UnitPrice,Quantity,DiscountPercentage,DiscountedLineAmount,LineAmount
10248,11,14.00,12,0.000,168.0000000,168.00
10248,42,9.80,10,0.000,98.0000000,98.00
10248,72,34.80,5,0.000,174.0000000,174.00
10249,14,18.60,9,0.000,167.4000000,167.40
10249,51,42.40,40,0.000,1696.0000000,1696.00
10250,41,7.70,10,0.000,77.0000000,77.00
10250,51,42.40,35,0.150,1261.4000000,1484.00
10250,65,16.80,15,0.150,214.2000000,252.00
10251,22,16.80,6,0.050,95.7600000,100.80
10251,57,15.60,15,0.050,222.3000000,234.00
10251,65,16.80,20,0.000,336.0000000,336.00
10252,20,64.80,40,0.050,2462.4000000,2592.00
10252,33,2.00,25,0.050,47.5000000,50.00
10252,60,27.20,40,0.000,1088.0000000,1088.00
10253,31,10.00,20,0.000,200.0000000,200.00
10253,39,14.40,42,0.000,604.8000000,604.80
10253,49,16.00,40,0.000,640.0000000,640.00
10254,55,19.20,21,0.150,342.7200000,403.20
10254,74,8.00,21,0.000,168.0000000,168.00
10255,2,15.20,20,0.000,304.0000000,304.00
10255,16,13.90,35,0.000,486.5000000,486.50
10255,36,15.20,25,0.000,380.0000000,380.00
10255,59,44.00,30,0.000,1320.0000000,1320.00
10256,53,26.20,15,0.000,393.0000000,393.00
10256,77,10.40,12,0.000,124.8000000,124.80
10257,27,35.10,25,0.000,877.5000000,877.50
10257,39,14.40,6,0.000,86.4000000,86.40
10257,77,10.40,15,0.000,156.0000000,156.00
10258,2,15.20,50,0.200,608.0000000,760.00
10258,5,17.00,65,0.200,884.0000000,1105.00
10258,32,25.60,6,0.200,122.8800000,153.60
10259,21,8.00,10,0.000,80.0000000,80.00
10259,37,20.80,1,0.000,20.8000000,20.80
10260,41,7.70,16,0.250,92.4000000,123.20
10260,57,15.60,50,0.000,780.0000000,780.00
10260,62,39.40,15,0.250,443.2500000,591.00
10260,70,12.00,21,0.250,189.0000000,252.00
10261,21,8.00,20,0.000,160.0000000,160.00
10261,35,14.40,20,0.000,288.0000000,288.00
10262,5,17.00,12,0.200,163.2000000,204.00
10262,7,24.00,15,0.000,360.0000000,360.00
10262,56,30.40,2,0.000,60.8000000,60.80
10263,16,13.90,60,0.250,625.5000000,834.00
10263,30,20.70,60,0.250,931.5000000,1242.00
10263,74,8.00,36,0.250,216.0000000,288.00
10264,2,15.20,35,0.000,532.0000000,532.00
10264,41,7.70,25,0.150,163.6250000,192.50
10265,17,31.20,30,0.000,936.0000000,936.00
10265,70,12.00,20,0.000,240.0000000,240.00
10266,12,30.40,12,0.050,346.5600000,364.80
10267,40,14.70,50,0.000,735.0000000,735.00
10267,59,44.00,70,0.150,2618.0000000,3080.00
10267,76,14.40,15,0.150,183.6000000,216.00
10268,29,99.00,10,0.000,990.0000000,990.00
10268,72,27.80,4,0.000,111.2000000,111.20
10269,33,2.00,60,0.050,114.0000000,120.00
10269,72,27.80,20,0.050,528.2000000,556.00
10270,36,15.20,30,0.000,456.0000000,456.00
10270,43,36.80,25,0.000,920.0000000,920.00
10271,33,2.00,24,0.000,48.0000000,48.00
10272,20,64.80,6,0.000,388.8000000,388.80
10272,31,10.00,40,0.000,400.0000000,400.00
10272,72,27.80,24,0.000,667.2000000,667.20
10273,10,24.80,24,0.050,565.4400000,595.20
10273,31,10.00,15,0.050,142.5000000,150.00
10273,33,2.00,20,0.000,40.0000000,40.00
10273,40,14.70,60,0.050,837.9000000,882.00
10273,76,14.40,33,0.050,451.4400000,475.20
10274,71,17.20,20,0.000,344.0000000,344.00
10274,72,27.80,7,0.000,194.6000000,194.60
10275,59,44.00,6,0.050,250.8000000,264.00
10276,10,24.80,15,0.000,372.0000000,372.00
10276,13,4.80,10,0.000,48.0000000,48.00
10277,28,36.40,20,0.000,728.0000000,728.00
10277,62,39.40,12,0.000,472.8000000,472.80
10278,44,15.50,16,0.000,248.0000000,248.00
10278,59,44.00,15,0.000,660.0000000,660.00
10278,63,35.10,8,0.000,280.8000000,280.80
10278,73,12.00,25,0.000,300.0000000,300.00
10279,17,31.20,15,0.250,351.0000000,468.00
10280,55,19.20,20,0.000,384.0000000,384.00
10280,75,6.20,30,0.000,186.0000000,186.00
10281,19,7.30,1,0.000,7.3000000,7.30
10281,35,14.40,4,0.000,57.6000000,57.60
10282,30,20.70,6,0.000,124.2000000,124.20
10282,57,15.60,2,0.000,31.2000000,31.20
10283,15,12.40,20,0.000,248.0000000,248.00
10283,19,7.30,18,0.000,131.4000000,131.40
10283,60,27.20,35,0.000,952.0000000,952.00
10283,72,27.80,3,0.000,83.4000000,83.40
10284,27,35.10,15,0.250,394.8750000,526.50
10284,44,15.50,21,0.000,325.5000000,325.50
10284,60,27.20,20,0.250,408.0000000,544.00
10284,67,11.20,5,0.250,42.0000000,56.00
10285,1,14.40,45,0.200,518.4000000,648.00
10285,40,14.70,40,0.200,470.4000000,588.00
10285,53,26.20,36,0.200,754.5600000,943.20
10286,35,14.40,100,0.000,1440.0000000,1440.00
10286,62,39.40,40,0.000,1576.0000000,1576.00
10287,16,13.90,40,0.150,472.6000000,556.00
10287,34,11.20,20,0.000,224.0000000,224.00
10287,46,9.60,15,0.150,122.4000000,144.00
10288,54,5.90,10,0.100,53.1000000,59.00
10288,68,10.00,3,0.100,27.0000000,30.00
10289,3,8.00,30,0.000,240.0000000,240.00
10289,64,26.60,9,0.000,239.4000000,239.40
10290,5,17.00,20,0.000,340.0000000,340.00
10290,29,99.00,15,0.000,1485.0000000,1485.00
10290,49,16.00,15,0.000,240.0000000,240.00
10290,77,10.40,10,0.000,104.0000000,104.00
10291,13,4.80,20,0.100,86.4000000,96.00
10291,44,15.50,24,0.100,334.8000000,372.00
10291,51,42.40,2,0.100,76.3200000,84.80
10292,20,64.80,20,0.000,1296.0000000,1296.00
10293,18,50.00,12,0.000,600.0000000,600.00
10293,63,35.10,5,0.000,175.5000000,175.50
10293,75,6.20,6,0.000,37.2000000,37.20
10294,1,14.40,18,0.000,259.2000000,259.20
10294,17,31.20,15,0.000,468.0000000,468.00
10294,43,36.80,15,0.000,552.0000000,552.00
10294,60,27.20,21,0.000,571.2000000,571.20
10294,75,6.20,6,0.000,37.2000000,37.20
10295,56,30.40,4,0.000,121.6000000,121.60
10296,11,16.80,12,0.000,201.6000000,201.60
10296,16,13.90,30,0.000,417.0000000,417.00
10296,69,28.80,15,0.000,432.0000000,432.00
10297,39,14.40,60,0.000,864.0000000,864.00
10297,72,27.80,20,0.000,556.0000000,556.00
10298,2,15.20,40,0.000,608.0000000,608.00
10298,36,15.20,40,0.250,456.0000000,608.00
10298,59,44.00,30,0.250,990.0000000,1320.00
10298,62,39.40,15,0.000,591.0000000,591.00
10299,19,7.30,15,0.000,109.5000000,109.50
10299,70,12.00,20,0.000,240.0000000,240.00
10300,66,13.60,30,0.000,408.0000000,408.00
10300,68,10.00,20,0.000,200.0000000,200.00
10301,40,14.70,10,0.000,147.0000000,147.00
10301,56,30.40,20,0.000,608.0000000,608.00
10302,17,31.20,40,0.000,1248.0000000,1248.00
10302,28,36.40,28,0.000,1019.2000000,1019.20
10302,43,36.80,12,0.000,441.6000000,441.60
10303,40,14.70,40,0.100,529.2000000,588.00
10303,65,16.80,30,0.100,453.6000000,504.00
10303,68,10.00,15,0.100,135.0000000,150.00
10304,49,16.00,30,0.000,480.0000000,480.00
10304,59,44.00,10,0.000,440.0000000,440.00
10304,71,17.20,2,0.000,34.4000000,34.40
10305,18,50.00,25,0.100,1125.0000000,1250.00
10305,29,99.00,25,0.100,2227.5000000,2475.00
10305,39,14.40,30,0.100,388.8000000,432.00
10306,30,20.70,10,0.000,207.0000000,207.00
10306,53,26.20,10,0.000,262.0000000,262.00
10306,54,5.90,5,0.000,29.5000000,29.50
10307,62,39.40,10,0.000,394.0000000,394.00
10307,68,10.00,3,0.000,30.0000000,30.00
10308,69,28.80,1,0.000,28.8000000,28.80
10308,70,12.00,5,0.000,60.0000000,60.00
10309,4,17.60,20,0.000,352.0000000,352.00
10309,6,20.00,30,0.000,600.0000000,600.00
10309,42,11.20,2,0.000,22.4000000,22.40
10309,43,36.80,20,0.000,736.0000000,736.00
10309,71,17.20,3,0.000,51.6000000,51.60
10310,16,13.90,10,0.000,139.0000000,139.00
10310,62,39.40,5,0.000,197.0000000,197.00
10311,42,11.20,6,0.000,67.2000000,67.20
10311,69,28.80,7,0.000,201.6000000,201.60
10312,28,36.40,4,0.000,145.6000000,145.60
10312,43,36.80,24,0.000,883.2000000,883.20
10312,53,26.20,20,0.000,524.0000000,524.00
10312,75,6.20,10,0.000,62.0000000,62.00
10313,36,15.20,12,0.000,182.4000000,182.40
10314,32,25.60,40,0.100,921.6000000,1024.00
10314,58,10.60,30,0.100,286.2000000,318.00
10314,62,39.40,25,0.100,886.5000000,985.00
10315,34,11.20,14,0.000,156.8000000,156.80
10315,70,12.00,30,0.000,360.0000000,360.00
10316,41,7.70,10,0.000,77.0000000,77.00
10316,62,39.40,70,0.000,2758.0000000,2758.00
10317,1,14.40,20,0.000,288.0000000,288.00
10318,41,7.70,20,0.000,154.0000000,154.00
10318,76,14.40,6,0.000,86.4000000,86.40
10319,17,31.20,8,0.000,249.6000000,249.60
10319,28,36.40,14,0.000,509.6000000,509.60
10319,76,14.40,30,0.000,432.0000000,432.00
10320,71,17.20,30,0.000,516.0000000,516.00
10321,35,14.40,10,0.000,144.0000000,144.00
10322,52,5.60,20,0.000,112.0000000,112.00
10323,15,12.40,5,0.000,62.0000000,62.00
10323,25,11.20,4,0.000,44.8000000,44.80
10323,39,14.40,4,0.000,57.6000000,57.60
10324,16,13.90,21,0.150,248.1150000,291.90
10324,35,14.40,70,0.150,856.8000000,1008.00
10324,46,9.60,30,0.000,288.0000000,288.00
10324,59,44.00,40,0.150,1496.0000000,1760.00
10324,63,35.10,80,0.150,2386.8000000,2808.00
10325,6,20.00,6,0.000,120.0000000,120.00
10325,13,4.80,12,0.000,57.6000000,57.60
10325,14,18.60,9,0.000,167.4000000,167.40
10325,31,10.00,4,0.000,40.0000000,40.00
10325,72,27.80,40,0.000,1112.0000000,1112.00
10326,4,17.60,24,0.000,422.4000000,422.40
10326,57,15.60,16,0.000,249.6000000,249.60
10326,75,6.20,50,0.000,310.0000000,310.00
10327,2,15.20,25,0.200,304.0000000,380.00
10327,11,16.80,50,0.200,672.0000000,840.00
10327,30,20.70,35,0.200,579.6000000,724.50
10327,58,10.60,30,0.200,254.4000000,318.00
10328,59,44.00,9,0.000,396.0000000,396.00
10328,65,16.80,40,0.000,672.0000000,672.00
10328,68,10.00,10,0.000,100.0000000,100.00
10329,19,7.30,10,0.050,69.3500000,73.00
10329,30,20.70,8,0.050,157.3200000,165.60
10329,38,210.80,20,0.050,4005.2000000,4216.00
10329,56,30.40,12,0.050,346.5600000,364.80
10330,26,24.90,50,0.150,1058.2500000,1245.00
10330,72,27.80,25,0.150,590.7500000,695.00
10331,54,5.90,15,0.000,88.5000000,88.50
10332,18,50.00,40,0.200,1600.0000000,2000.00
10332,42,11.20,10,0.200,89.6000000,112.00
10332,47,7.60,16,0.200,97.2800000,121.60
10333,14,18.60,10,0.000,186.0000000,186.00
10333,21,8.00,10,0.100,72.0000000,80.00
10333,71,17.20,40,0.100,619.2000000,688.00
10334,52,5.60,8,0.000,44.8000000,44.80
10334,68,10.00,10,0.000,100.0000000,100.00
10335,2,15.20,7,0.200,85.1200000,106.40
10335,31,10.00,25,0.200,200.0000000,250.00
10335,32,25.60,6,0.200,122.8800000,153.60
10335,51,42.40,48,0.200,1628.1600000,2035.20
10336,4,17.60,18,0.100,285.1200000,316.80
10337,23,7.20,40,0.000,288.0000000,288.00
10337,26,24.90,24,0.000,597.6000000,597.60
10337,36,15.20,20,0.000,304.0000000,304.00
10337,37,20.80,28,0.000,582.4000000,582.40
10337,72,27.80,25,0.000,695.0000000,695.00
10338,17,31.20,20,0.000,624.0000000,624.00
10338,30,20.70,15,0.000,310.5000000,310.50
10339,4,17.60,10,0.000,176.0000000,176.00
10339,17,31.20,70,0.050,2074.8000000,2184.00
10339,62,39.40,28,0.000,1103.2000000,1103.20
10340,18,50.00,20,0.050,950.0000000,1000.00
10340,41,7.70,12,0.050,87.7800000,92.40
10340,43,36.80,40,0.050,1398.4000000,1472.00
10341,33,2.00,8,0.000,16.0000000,16.00
10341,59,44.00,9,0.150,336.6000000,396.00
10342,2,15.20,24,0.200,291.8400000,364.80
10342,31,10.00,56,0.200,448.0000000,560.00
10342,36,15.20,40,0.200,486.4000000,608.00
10342,55,19.20,40,0.200,614.4000000,768.00
10343,64,26.60,50,0.000,1330.0000000,1330.00
10343,68,10.00,4,0.050,38.0000000,40.00
10343,76,14.40,15,0.000,216.0000000,216.00
10344,4,17.60,35,0.000,616.0000000,616.00
10344,8,32.00,70,0.250,1680.0000000,2240.00
10345,8,32.00,70,0.000,2240.0000000,2240.00
10345,19,7.30,80,0.000,584.0000000,584.00
10345,42,11.20,9,0.000,100.8000000,100.80
10346,17,31.20,36,0.100,1010.8800000,1123.20
10346,56,30.40,20,0.000,608.0000000,608.00
10347,25,11.20,10,0.000,112.0000000,112.00
10347,39,14.40,50,0.150,612.0000000,720.00
10347,40,14.70,4,0.000,58.8000000,58.80
10347,75,6.20,6,0.150,31.6200000,37.20
10348,1,14.40,15,0.150,183.6000000,216.00
10348,23,7.20,25,0.000,180.0000000,180.00
10349,54,5.90,24,0.000,141.6000000,141.60
10350,50,13.00,15,0.100,175.5000000,195.00
10350,69,28.80,18,0.100,466.5600000,518.40
10351,38,210.80,20,0.050,4005.2000000,4216.00
10351,41,7.70,13,0.000,100.1000000,100.10
10351,44,15.50,77,0.050,1133.8250000,1193.50
10351,65,16.80,10,0.050,159.6000000,168.00
10352,54,5.90,20,0.150,100.3000000,118.00
10353,11,16.80,12,0.200,161.2800000,201.60
10353,38,210.80,50,0.200,8432.0000000,10540.00
10354,1,14.40,12,0.000,172.8000000,172.80
10354,29,99.00,4,0.000,396.0000000,396.00
10355,57,15.60,25,0.000,390.0000000,390.00
10356,31,10.00,30,0.000,300.0000000,300.00
10356,55,19.20,12,0.000,230.4000000,230.40
10356,69,28.80,20,0.000,576.0000000,576.00
10357,10,24.80,30,0.200,595.2000000,744.00
10357,26,24.90,16,0.000,398.4000000,398.40
10357,60,27.20,8,0.200,174.0800000,217.60
10358,34,11.20,10,0.050,106.4000000,112.00
10358,36,15.20,20,0.050,288.8000000,304.00
10359,16,13.90,56,0.050,739.4800000,778.40
10359,31,10.00,70,0.050,665.0000000,700.00
10359,60,27.20,80,0.050,2067.2000000,2176.00
10360,28,36.40,30,0.000,1092.0000000,1092.00
10360,29,99.00,35,0.000,3465.0000000,3465.00
10360,38,210.80,10,0.000,2108.0000000,2108.00
10360,49,16.00,35,0.000,560.0000000,560.00
10360,54,5.90,28,0.000,165.2000000,165.20
10361,39,14.40,54,0.100,699.8400000,777.60
10361,60,27.20,55,0.100,1346.4000000,1496.00
10362,25,11.20,50,0.000,560.0000000,560.00
10362,51,42.40,20,0.000,848.0000000,848.00
10362,54,5.90,24,0.000,141.6000000,141.60
10363,31,10.00,20,0.000,200.0000000,200.00
10363,75,6.20,12,0.000,74.4000000,74.40
10363,76,14.40,12,0.000,172.8000000,172.80
10364,69,28.80,30,0.000,864.0000000,864.00
10364,71,17.20,5,0.000,86.0000000,86.00
10365,11,16.80,24,0.000,403.2000000,403.20
10366,65,16.80,5,0.000,84.0000000,84.00
10366,77,10.40,5,0.000,52.0000000,52.00
10367,34,11.20,36,0.000,403.2000000,403.20
10367,54,5.90,18,0.000,106.2000000,106.20
10367,65,16.80,15,0.000,252.0000000,252.00
10367,77,10.40,7,0.000,72.8000000,72.80
10368,21,8.00,5,0.100,36.0000000,40.00
10368,28,36.40,13,0.100,425.8800000,473.20
10368,57,15.60,25,0.000,390.0000000,390.00
10368,64,26.60,35,0.100,837.9000000,931.00
10369,29,99.00,20,0.000,1980.0000000,1980.00
10369,56,30.40,18,0.250,410.4000000,547.20
10370,1,14.40,15,0.150,183.6000000,216.00
10370,64,26.60,30,0.000,798.0000000,798.00
10370,74,8.00,20,0.150,136.0000000,160.00
10371,36,15.20,6,0.200,72.9600000,91.20
10372,20,64.80,12,0.250,583.2000000,777.60
10372,38,210.80,40,0.250,6324.0000000,8432.00
10372,60,27.20,70,0.250,1428.0000000,1904.00
10372,72,27.80,42,0.250,875.7000000,1167.60
10373,58,10.60,80,0.200,678.4000000,848.00
10373,71,17.20,50,0.200,688.0000000,860.00
10374,31,10.00,30,0.000,300.0000000,300.00
10374,58,10.60,15,0.000,159.0000000,159.00
10375,14,18.60,15,0.000,279.0000000,279.00
10375,54,5.90,10,0.000,59.0000000,59.00
10376,31,10.00,42,0.050,399.0000000,420.00
10377,28,36.40,20,0.150,618.8000000,728.00
10377,39,14.40,20,0.150,244.8000000,288.00
10378,71,17.20,6,0.000,103.2000000,103.20
10379,41,7.70,8,0.100,55.4400000,61.60
10379,63,35.10,16,0.100,505.4400000,561.60
10379,65,16.80,20,0.100,302.4000000,336.00
10380,30,20.70,18,0.100,335.3400000,372.60
10380,53,26.20,20,0.100,471.6000000,524.00
10380,60,27.20,6,0.100,146.8800000,163.20
10380,70,12.00,30,0.000,360.0000000,360.00
10381,74,8.00,14,0.000,112.0000000,112.00
10382,5,17.00,32,0.000,544.0000000,544.00
10382,18,50.00,9,0.000,450.0000000,450.00
10382,29,99.00,14,0.000,1386.0000000,1386.00
10382,33,2.00,60,0.000,120.0000000,120.00
10382,74,8.00,50,0.000,400.0000000,400.00
10383,13,4.80,20,0.000,96.0000000,96.00
10383,50,13.00,15,0.000,195.0000000,195.00
10383,56,30.40,20,0.000,608.0000000,608.00
10384,20,64.80,28,0.000,1814.4000000,1814.40
10384,60,27.20,15,0.000,408.0000000,408.00
10385,7,24.00,10,0.200,192.0000000,240.00
10385,60,27.20,20,0.200,435.2000000,544.00
10385,68,10.00,8,0.200,64.0000000,80.00
10386,34,11.20,10,0.000,112.0000000,112.00
10387,28,36.40,6,0.000,218.4000000,218.40
10387,59,44.00,12,0.000,528.0000000,528.00
10387,71,17.20,15,0.000,258.0000000,258.00
10388,45,7.60,15,0.200,91.2000000,114.00
10388,52,5.60,20,0.200,89.6000000,112.00
10388,53,26.20,40,0.000,1048.0000000,1048.00
10389,10,24.80,16,0.000,396.8000000,396.80
10389,55,19.20,15,0.000,288.0000000,288.00
10389,62,39.40,20,0.000,788.0000000,788.00
10389,70,12.00,30,0.000,360.0000000,360.00
10390,31,10.00,60,0.100,540.0000000,600.00
10390,35,14.40,40,0.100,518.4000000,576.00
10390,46,9.60,45,0.000,432.0000000,432.00
10390,72,27.80,24,0.100,600.4800000,667.20
10391,13,4.80,18,0.000,86.4000000,86.40
10392,69,28.80,50,0.000,1440.0000000,1440.00
10393,2,15.20,25,0.250,285.0000000,380.00
10393,14,18.60,42,0.250,585.9000000,781.20
10393,25,11.20,7,0.250,58.8000000,78.40
10393,26,24.90,70,0.250,1307.2500000,1743.00
10393,31,10.00,32,0.000,320.0000000,320.00
10394,13,4.80,10,0.000,48.0000000,48.00
10394,62,39.40,10,0.000,394.0000000,394.00
10395,46,9.60,28,0.100,241.9200000,268.80
10395,53,26.20,70,0.100,1650.6000000,1834.00
10395,69,28.80,8,0.000,230.4000000,230.40
10396,23,7.20,40,0.000,288.0000000,288.00
10396,71,17.20,60,0.000,1032.0000000,1032.00
10396,72,27.80,21,0.000,583.8000000,583.80
10397,21,8.00,10,0.150,68.0000000,80.00
10397,51,42.40,18,0.150,648.7200000,763.20
10398,35,14.40,30,0.000,432.0000000,432.00
10398,55,19.20,120,0.100,2073.6000000,2304.00
10399,68,10.00,60,0.000,600.0000000,600.00
10399,71,17.20,30,0.000,516.0000000,516.00
10399,76,14.40,35,0.000,504.0000000,504.00
10399,77,10.40,14,0.000,145.6000000,145.60
10400,29,99.00,21,0.000,2079.0000000,2079.00
10400,35,14.40,35,0.000,504.0000000,504.00
10400,49,16.00,30,0.000,480.0000000,480.00
10401,30,20.70,18,0.000,372.6000000,372.60
10401,56,30.40,70,0.000,2128.0000000,2128.00
10401,65,16.80,20,0.000,336.0000000,336.00
10401,71,17.20,60,0.000,1032.0000000,1032.00
10402,23,7.20,60,0.000,432.0000000,432.00
10402,63,35.10,65,0.000,2281.5000000,2281.50
10403,16,13.90,21,0.150,248.1150000,291.90
10403,48,10.20,70,0.150,606.9000000,714.00
10404,26,24.90,30,0.050,709.6500000,747.00
10404,42,11.20,40,0.050,425.6000000,448.00
10404,49,16.00,30,0.050,456.0000000,480.00
10405,3,8.00,50,0.000,400.0000000,400.00
10406,1,14.40,10,0.000,144.0000000,144.00
10406,21,8.00,30,0.100,216.0000000,240.00
10406,28,36.40,42,0.100,1375.9200000,1528.80
10406,36,15.20,5,0.100,68.4000000,76.00
10406,40,14.70,2,0.100,26.4600000,29.40
10407,11,16.80,30,0.000,504.0000000,504.00
10407,69,28.80,15,0.000,432.0000000,432.00
10407,71,17.20,15,0.000,258.0000000,258.00
10408,37,20.80,10,0.000,208.0000000,208.00
10408,54,5.90,6,0.000,35.4000000,35.40
10408,62,39.40,35,0.000,1379.0000000,1379.00
10409,14,18.60,12,0.000,223.2000000,223.20
10409,21,8.00,12,0.000,96.0000000,96.00
10410,33,2.00,49,0.000,98.0000000,98.00
10410,59,44.00,16,0.000,704.0000000,704.00
10411,41,7.70,25,0.200,154.0000000,192.50
10411,44,15.50,40,0.200,496.0000000,620.00
10411,59,44.00,9,0.200,316.8000000,396.00
10412,14,18.60,20,0.100,334.8000000,372.00
10413,1,14.40,24,0.000,345.6000000,345.60
10413,62,39.40,40,0.000,1576.0000000,1576.00
10413,76,14.40,14,0.000,201.6000000,201.60
10414,19,7.30,18,0.050,124.8300000,131.40
10414,33,2.00,50,0.000,100.0000000,100.00
10415,17,31.20,2,0.000,62.4000000,62.40
10415,33,2.00,20,0.000,40.0000000,40.00
10416,19,7.30,20,0.000,146.0000000,146.00
10416,53,26.20,10,0.000,262.0000000,262.00
10416,57,15.60,20,0.000,312.0000000,312.00
10417,38,210.80,50,0.000,10540.0000000,10540.00
10417,46,9.60,2,0.250,14.4000000,19.20
10417,68,10.00,36,0.250,270.0000000,360.00
10417,77,10.40,35,0.000,364.0000000,364.00
10418,2,15.20,60,0.000,912.0000000,912.00
10418,47,7.60,55,0.000,418.0000000,418.00
10418,61,22.80,16,0.000,364.8000000,364.80
10418,74,8.00,15,0.000,120.0000000,120.00
10419,60,27.20,60,0.050,1550.4000000,1632.00
10419,69,28.80,20,0.050,547.2000000,576.00
10420,9,77.60,20,0.100,1396.8000000,1552.00
10420,13,4.80,2,0.100,8.6400000,9.60
10420,70,12.00,8,0.100,86.4000000,96.00
10420,73,12.00,20,0.100,216.0000000,240.00
10421,19,7.30,4,0.150,24.8200000,29.20
10421,26,24.90,30,0.000,747.0000000,747.00
10421,53,26.20,15,0.150,334.0500000,393.00
10421,77,10.40,10,0.150,88.4000000,104.00
10422,26,24.90,2,0.000,49.8000000,49.80
10423,31,10.00,14,0.000,140.0000000,140.00
10423,59,44.00,20,0.000,880.0000000,880.00
10424,35,14.40,60,0.200,691.2000000,864.00
10424,38,210.80,49,0.200,8263.3600000,10329.20
10424,68,10.00,30,0.200,240.0000000,300.00
10425,55,19.20,10,0.250,144.0000000,192.00
10425,76,14.40,20,0.250,216.0000000,288.00
10426,56,30.40,5,0.000,152.0000000,152.00
10426,64,26.60,7,0.000,186.2000000,186.20
10427,14,18.60,35,0.000,651.0000000,651.00
10428,46,9.60,20,0.000,192.0000000,192.00
10429,50,13.00,40,0.000,520.0000000,520.00
10429,63,35.10,35,0.250,921.3750000,1228.50
10430,17,31.20,45,0.200,1123.2000000,1404.00
10430,21,8.00,50,0.000,400.0000000,400.00
10430,56,30.40,30,0.000,912.0000000,912.00
10430,59,44.00,70,0.200,2464.0000000,3080.00
10431,17,31.20,50,0.250,1170.0000000,1560.00
10431,40,14.70,50,0.250,551.2500000,735.00
10431,47,7.60,30,0.250,171.0000000,228.00
10432,26,24.90,10,0.000,249.0000000,249.00
10432,54,5.90,40,0.000,236.0000000,236.00
10433,56,30.40,28,0.000,851.2000000,851.20
10434,11,16.80,6,0.000,100.8000000,100.80
10434,76,14.40,18,0.150,220.3200000,259.20
10435,2,15.20,10,0.000,152.0000000,152.00
10435,22,16.80,12,0.000,201.6000000,201.60
10435,72,27.80,10,0.000,278.0000000,278.00
10436,46,9.60,5,0.000,48.0000000,48.00
10436,56,30.40,40,0.100,1094.4000000,1216.00
10436,64,26.60,30,0.100,718.2000000,798.00
10436,75,6.20,24,0.100,133.9200000,148.80
10437,53,26.20,15,0.000,393.0000000,393.00
10438,19,7.30,15,0.200,87.6000000,109.50
10438,34,11.20,20,0.200,179.2000000,224.00
10438,57,15.60,15,0.200,187.2000000,234.00
10439,12,30.40,15,0.000,456.0000000,456.00
10439,16,13.90,16,0.000,222.4000000,222.40
10439,64,26.60,6,0.000,159.6000000,159.60
10439,74,8.00,30,0.000,240.0000000,240.00
10440,2,15.20,45,0.150,581.4000000,684.00
10440,16,13.90,49,0.150,578.9350000,681.10
10440,29,99.00,24,0.150,2019.6000000,2376.00
10440,61,22.80,90,0.150,1744.2000000,2052.00
10441,27,35.10,50,0.000,1755.0000000,1755.00
10442,11,16.80,30,0.000,504.0000000,504.00
10442,54,5.90,80,0.000,472.0000000,472.00
10442,66,13.60,60,0.000,816.0000000,816.00
10443,11,16.80,6,0.200,80.6400000,100.80
10443,28,36.40,12,0.000,436.8000000,436.80
10444,17,31.20,10,0.000,312.0000000,312.00
10444,26,24.90,15,0.000,373.5000000,373.50
10444,35,14.40,8,0.000,115.2000000,115.20
10444,41,7.70,30,0.000,231.0000000,231.00
10445,39,14.40,6,0.000,86.4000000,86.40
10445,54,5.90,15,0.000,88.5000000,88.50
10446,19,7.30,12,0.100,78.8400000,87.60
10446,31,10.00,3,0.100,27.0000000,30.00
10446,52,5.60,15,0.100,75.6000000,84.00
10447,19,7.30,40,0.000,292.0000000,292.00
10447,65,16.80,35,0.000,588.0000000,588.00
10447,71,17.20,2,0.000,34.4000000,34.40
10448,26,24.90,6,0.000,149.4000000,149.40
10448,40,14.70,20,0.000,294.0000000,294.00
10449,10,24.80,14,0.000,347.2000000,347.20
10449,52,5.60,20,0.000,112.0000000,112.00
10449,62,39.40,35,0.000,1379.0000000,1379.00
10450,10,24.80,20,0.200,396.8000000,496.00
10450,54,5.90,6,0.200,28.3200000,35.40
10451,55,19.20,120,0.100,2073.6000000,2304.00
10451,64,26.60,35,0.100,837.9000000,931.00
10451,65,16.80,28,0.100,423.3600000,470.40
10451,77,10.40,55,0.100,514.8000000,572.00
10452,28,36.40,15,0.000,546.0000000,546.00
10452,44,15.50,100,0.050,1472.5000000,1550.00
10453,48,10.20,15,0.100,137.7000000,153.00
10453,70,12.00,25,0.100,270.0000000,300.00
10454,16,13.90,20,0.200,222.4000000,278.00
10454,33,2.00,20,0.200,32.0000000,40.00
10454,46,9.60,10,0.200,76.8000000,96.00
10455,39,14.40,20,0.000,288.0000000,288.00
10455,53,26.20,50,0.000,1310.0000000,1310.00
10455,61,22.80,25,0.000,570.0000000,570.00
10455,71,17.20,30,0.000,516.0000000,516.00
10456,21,8.00,40,0.150,272.0000000,320.00
10456,49,16.00,21,0.150,285.6000000,336.00
10457,59,44.00,36,0.000,1584.0000000,1584.00
10458,26,24.90,30,0.000,747.0000000,747.00
10458,28,36.40,30,0.000,1092.0000000,1092.00
10458,43,36.80,20,0.000,736.0000000,736.00
10458,56,30.40,15,0.000,456.0000000,456.00
10458,71,17.20,50,0.000,860.0000000,860.00
10459,7,24.00,16,0.050,364.8000000,384.00
10459,46,9.60,20,0.050,182.4000000,192.00
10459,72,27.80,40,0.000,1112.0000000,1112.00
10460,68,10.00,21,0.250,157.5000000,210.00
10460,75,6.20,4,0.250,18.6000000,24.80
10461,21,8.00,40,0.250,240.0000000,320.00
10461,30,20.70,28,0.250,434.7000000,579.60
10461,55,19.20,60,0.250,864.0000000,1152.00
10462,13,4.80,1,0.000,4.8000000,4.80
10462,23,7.20,21,0.000,151.2000000,151.20
10463,19,7.30,21,0.000,153.3000000,153.30
10463,42,11.20,50,0.000,560.0000000,560.00
10464,4,17.60,16,0.200,225.2800000,281.60
10464,43,36.80,3,0.000,110.4000000,110.40
10464,56,30.40,30,0.200,729.6000000,912.00
10464,60,27.20,20,0.000,544.0000000,544.00
10465,29,99.00,18,0.100,1603.8000000,1782.00
10465,40,14.70,20,0.000,294.0000000,294.00
10465,45,7.60,30,0.100,205.2000000,228.00
10465,50,13.00,25,0.000,325.0000000,325.00
10466,11,16.80,10,0.000,168.0000000,168.00
10466,46,9.60,5,0.000,48.0000000,48.00
10467,25,11.20,12,0.000,134.4000000,134.40
10468,30,20.70,8,0.000,165.6000000,165.60
10468,43,36.80,15,0.000,552.0000000,552.00
10469,2,15.20,40,0.150,516.8000000,608.00
10469,16,13.90,35,0.150,413.5250000,486.50
10469,44,15.50,2,0.150,26.3500000,31.00
10470,18,50.00,30,0.000,1500.0000000,1500.00
10470,23,7.20,15,0.000,108.0000000,108.00
10470,64,26.60,8,0.000,212.8000000,212.80
10471,7,24.00,30,0.000,720.0000000,720.00
10471,56,30.40,20,0.000,608.0000000,608.00
10472,51,42.40,18,0.000,763.2000000,763.20
10473,33,2.00,12,0.000,24.0000000,24.00
10473,71,17.20,12,0.000,206.4000000,206.40
10474,14,18.60,12,0.000,223.2000000,223.20
10474,28,36.40,18,0.000,655.2000000,655.20
10474,40,14.70,21,0.000,308.7000000,308.70
10474,75,6.20,10,0.000,62.0000000,62.00
10475,31,10.00,35,0.150,297.5000000,350.00
10475,66,13.60,60,0.150,693.6000000,816.00
10475,76,14.40,42,0.150,514.0800000,604.80
10476,55,19.20,2,0.050,36.4800000,38.40
10476,70,12.00,12,0.000,144.0000000,144.00
10477,1,14.40,15,0.000,216.0000000,216.00
10477,21,8.00,21,0.250,126.0000000,168.00
10477,39,14.40,20,0.250,216.0000000,288.00
10478,10,24.80,20,0.050,471.2000000,496.00
10479,38,210.80,30,0.000,6324.0000000,6324.00
10479,53,26.20,28,0.000,733.6000000,733.60
10479,59,44.00,60,0.000,2640.0000000,2640.00
10479,64,26.60,30,0.000,798.0000000,798.00
10480,47,7.60,30,0.000,228.0000000,228.00
10480,59,44.00,12,0.000,528.0000000,528.00
10481,49,16.00,24,0.000,384.0000000,384.00
10481,60,27.20,40,0.000,1088.0000000,1088.00
10482,40,14.70,10,0.000,147.0000000,147.00
10483,34,11.20,35,0.050,372.4000000,392.00
10483,77,10.40,30,0.050,296.4000000,312.00
10484,21,8.00,14,0.000,112.0000000,112.00
10484,40,14.70,10,0.000,147.0000000,147.00
10484,51,42.40,3,0.000,127.2000000,127.20
10485,2,15.20,20,0.100,273.6000000,304.00
10485,3,8.00,20,0.100,144.0000000,160.00
10485,55,19.20,30,0.100,518.4000000,576.00
10485,70,12.00,60,0.100,648.0000000,720.00
10486,11,16.80,5,0.000,84.0000000,84.00
10486,51,42.40,25,0.000,1060.0000000,1060.00
10486,74,8.00,16,0.000,128.0000000,128.00
10487,19,7.30,5,0.000,36.5000000,36.50
10487,26,24.90,30,0.000,747.0000000,747.00
10487,54,5.90,24,0.250,106.2000000,141.60
10488,59,44.00,30,0.000,1320.0000000,1320.00
10488,73,12.00,20,0.200,192.0000000,240.00
10489,11,16.80,15,0.250,189.0000000,252.00
10489,16,13.90,18,0.000,250.2000000,250.20
10490,59,44.00,60,0.000,2640.0000000,2640.00
10490,68,10.00,30,0.000,300.0000000,300.00
10490,75,6.20,36,0.000,223.2000000,223.20
10491,44,15.50,15,0.150,197.6250000,232.50
10491,77,10.40,7,0.150,61.8800000,72.80
10492,25,11.20,60,0.050,638.4000000,672.00
10492,42,11.20,20,0.050,212.8000000,224.00
10493,65,16.80,15,0.100,226.8000000,252.00
10493,66,13.60,10,0.100,122.4000000,136.00
10493,69,28.80,10,0.100,259.2000000,288.00
10494,56,30.40,30,0.000,912.0000000,912.00
10495,23,7.20,10,0.000,72.0000000,72.00
10495,41,7.70,20,0.000,154.0000000,154.00
10495,77,10.40,5,0.000,52.0000000,52.00
10496,31,10.00,20,0.050,190.0000000,200.00
10497,56,30.40,14,0.000,425.6000000,425.60
10497,72,27.80,25,0.000,695.0000000,695.00
10497,77,10.40,25,0.000,260.0000000,260.00
10498,40,18.40,5,0.000,92.0000000,92.00
10498,42,14.00,30,0.000,420.0000000,420.00
10499,28,45.60,20,0.000,912.0000000,912.00
10499,49,20.00,25,0.000,500.0000000,500.00
10500,15,15.50,12,0.050,176.7000000,186.00
10500,28,45.60,8,0.050,346.5600000,364.80
10501,54,7.45,20,0.000,149.0000000,149.00
10502,45,9.50,21,0.000,199.5000000,199.50
10502,53,32.80,6,0.000,196.8000000,196.80
10502,67,14.00,30,0.000,420.0000000,420.00
10503,14,23.25,70,0.000,1627.5000000,1627.50
10503,65,21.05,20,0.000,421.0000000,421.00
10504,2,19.00,12,0.000,228.0000000,228.00
10504,21,10.00,12,0.000,120.0000000,120.00
10504,53,32.80,10,0.000,328.0000000,328.00
10504,61,28.50,25,0.000,712.5000000,712.50
10505,62,49.30,3,0.000,147.9000000,147.90
10506,25,14.00,18,0.100,226.8000000,252.00
10506,70,15.00,14,0.100,189.0000000,210.00
10507,43,46.00,15,0.150,586.5000000,690.00
10507,48,12.75,15,0.150,162.5625000,191.25
10508,13,6.00,10,0.000,60.0000000,60.00
10508,39,18.00,10,0.000,180.0000000,180.00
10509,28,45.60,3,0.000,136.8000000,136.80
10510,29,123.79,36,0.000,4456.4400000,4456.44
10510,75,7.75,36,0.100,251.1000000,279.00
10511,4,22.00,50,0.150,935.0000000,1100.00
10511,7,30.00,50,0.150,1275.0000000,1500.00
10511,8,40.00,10,0.150,340.0000000,400.00
10512,46,12.00,9,0.150,91.8000000,108.00
10512,47,9.50,6,0.150,48.4500000,57.00
10512,60,34.00,12,0.150,346.8000000,408.00
10513,21,10.00,40,0.200,320.0000000,400.00
10513,32,32.00,50,0.200,1280.0000000,1600.00
10513,61,28.50,15,0.200,342.0000000,427.50
10514,20,81.00,39,0.000,3159.0000000,3159.00
10514,28,45.60,35,0.000,1596.0000000,1596.00
10514,56,38.00,70,0.000,2660.0000000,2660.00
10514,65,21.05,39,0.000,820.9500000,820.95
10514,75,7.75,50,0.000,387.5000000,387.50
10515,9,97.00,16,0.150,1319.2000000,1552.00
10515,16,17.45,50,0.000,872.5000000,872.50
10515,27,43.90,120,0.000,5268.0000000,5268.00
10515,33,2.50,16,0.150,34.0000000,40.00
10515,60,34.00,84,0.150,2427.6000000,2856.00
10516,18,62.50,25,0.100,1406.2500000,1562.50
10516,41,9.65,80,0.100,694.8000000,772.00
10516,42,14.00,20,0.000,280.0000000,280.00
10517,52,7.00,6,0.000,42.0000000,42.00
10517,59,55.00,4,0.000,220.0000000,220.00
10517,70,15.00,6,0.000,90.0000000,90.00
10518,38,263.50,15,0.000,3952.5000000,3952.50
10518,44,19.45,9,0.000,175.0500000,175.05
10519,10,31.00,16,0.050,471.2000000,496.00
10519,56,38.00,40,0.000,1520.0000000,1520.00
10519,60,34.00,10,0.050,323.0000000,340.00
10520,53,32.80,5,0.000,164.0000000,164.00
10521,35,18.00,3,0.000,54.0000000,54.00
10521,41,9.65,10,0.000,96.5000000,96.50
10521,68,12.50,6,0.000,75.0000000,75.00
10522,1,18.00,40,0.200,576.0000000,720.00
10522,8,40.00,24,0.000,960.0000000,960.00
10522,30,25.89,20,0.200,414.2400000,517.80
10522,40,18.40,25,0.200,368.0000000,460.00
10523,17,39.00,25,0.100,877.5000000,975.00
10523,20,81.00,15,0.100,1093.5000000,1215.00
10523,37,26.00,18,0.100,421.2000000,468.00
10523,41,9.65,6,0.100,52.1100000,57.90
10524,10,31.00,2,0.000,62.0000000,62.00
10524,30,25.89,10,0.000,258.9000000,258.90
10524,43,46.00,60,0.000,2760.0000000,2760.00
10524,54,7.45,15,0.000,111.7500000,111.75
10525,36,19.00,30,0.000,570.0000000,570.00
10525,40,18.40,15,0.100,248.4000000,276.00
10526,1,18.00,8,0.150,122.4000000,144.00
10526,13,6.00,10,0.000,60.0000000,60.00
10526,56,38.00,30,0.150,969.0000000,1140.00
10527,4,22.00,50,0.100,990.0000000,1100.00
10527,36,19.00,30,0.100,513.0000000,570.00
10528,11,21.00,3,0.000,63.0000000,63.00
10528,33,2.50,8,0.200,16.0000000,20.00
10528,72,34.80,9,0.000,313.2000000,313.20
10529,55,24.00,14,0.000,336.0000000,336.00
10529,68,12.50,20,0.000,250.0000000,250.00
10529,69,36.00,10,0.000,360.0000000,360.00
10530,17,39.00,40,0.000,1560.0000000,1560.00
10530,43,46.00,25,0.000,1150.0000000,1150.00
10530,61,28.50,20,0.000,570.0000000,570.00
10530,76,18.00,50,0.000,900.0000000,900.00
10531,59,55.00,2,0.000,110.0000000,110.00
10532,30,25.89,15,0.000,388.3500000,388.35
10532,66,17.00,24,0.000,408.0000000,408.00
10533,4,22.00,50,0.050,1045.0000000,1100.00
10533,72,34.80,24,0.000,835.2000000,835.20
10533,73,15.00,24,0.050,342.0000000,360.00
10534,30,25.89,10,0.000,258.9000000,258.90
10534,40,18.40,10,0.200,147.2000000,184.00
10534,54,7.45,10,0.200,59.6000000,74.50
10535,11,21.00,50,0.100,945.0000000,1050.00
10535,40,18.40,10,0.100,165.6000000,184.00
10535,57,19.50,5,0.100,87.7500000,97.50
10535,59,55.00,15,0.100,742.5000000,825.00
10536,12,38.00,15,0.250,427.5000000,570.00
10536,31,12.50,20,0.000,250.0000000,250.00
10536,33,2.50,30,0.000,75.0000000,75.00
10536,60,34.00,35,0.250,892.5000000,1190.00
10537,31,12.50,30,0.000,375.0000000,375.00
10537,51,53.00,6,0.000,318.0000000,318.00
10537,58,13.25,20,0.000,265.0000000,265.00
10537,72,34.80,21,0.000,730.8000000,730.80
10537,73,15.00,9,0.000,135.0000000,135.00
10538,70,15.00,7,0.000,105.0000000,105.00
10538,72,34.80,1,0.000,34.8000000,34.80
10539,13,6.00,8,0.000,48.0000000,48.00
10539,21,10.00,15,0.000,150.0000000,150.00
10539,33,2.50,15,0.000,37.5000000,37.50
10539,49,20.00,6,0.000,120.0000000,120.00
10540,3,10.00,60,0.000,600.0000000,600.00
10540,26,31.23,40,0.000,1249.2000000,1249.20
10540,38,263.50,30,0.000,7905.0000000,7905.00
10540,68,12.50,35,0.000,437.5000000,437.50
10541,38,263.50,4,0.100,948.6000000,1054.00
10541,65,21.05,36,0.100,682.0200000,757.80
10541,71,21.50,9,0.100,174.1500000,193.50
10542,11,21.00,15,0.050,299.2500000,315.00
10542,54,7.45,24,0.050,169.8600000,178.80
10543,12,38.00,30,0.150,969.0000000,1140.00
10543,23,9.00,70,0.150,535.5000000,630.00
10544,28,45.60,7,0.000,319.2000000,319.20
10544,67,14.00,7,0.000,98.0000000,98.00
10545,11,21.00,10,0.000,210.0000000,210.00
10546,7,30.00,10,0.000,300.0000000,300.00
10546,35,18.00,30,0.000,540.0000000,540.00
10546,62,49.30,40,0.000,1972.0000000,1972.00
10547,32,32.00,24,0.150,652.8000000,768.00
10547,36,19.00,60,0.000,1140.0000000,1140.00
10548,34,14.00,10,0.250,105.0000000,140.00
10548,41,9.65,14,0.000,135.1000000,135.10
10549,31,12.50,55,0.150,584.3750000,687.50
10549,45,9.50,100,0.150,807.5000000,950.00
10549,51,53.00,48,0.150,2162.4000000,2544.00
10550,17,39.00,8,0.100,280.8000000,312.00
10550,19,9.20,10,0.000,92.0000000,92.00
10550,21,10.00,6,0.100,54.0000000,60.00
10550,61,28.50,10,0.100,256.5000000,285.00
10551,16,17.45,40,0.150,593.3000000,698.00
10551,35,18.00,20,0.150,306.0000000,360.00
10551,44,19.45,40,0.000,778.0000000,778.00
10552,69,36.00,18,0.000,648.0000000,648.00
10552,75,7.75,30,0.000,232.5000000,232.50
10553,11,21.00,15,0.000,315.0000000,315.00
10553,16,17.45,14,0.000,244.3000000,244.30
10553,22,21.00,24,0.000,504.0000000,504.00
10553,31,12.50,30,0.000,375.0000000,375.00
10553,35,18.00,6,0.000,108.0000000,108.00
10554,16,17.45,30,0.050,497.3250000,523.50
10554,23,9.00,20,0.050,171.0000000,180.00
10554,62,49.30,20,0.050,936.7000000,986.00
10554,77,13.00,10,0.050,123.5000000,130.00
10555,14,23.25,30,0.200,558.0000000,697.50
10555,19,9.20,35,0.200,257.6000000,322.00
10555,51,53.00,20,0.200,848.0000000,1060.00
10555,56,38.00,40,0.200,1216.0000000,1520.00
10556,72,34.80,24,0.000,835.2000000,835.20
10557,64,33.25,30,0.000,997.5000000,997.50
10557,75,7.75,20,0.000,155.0000000,155.00
10558,47,9.50,25,0.000,237.5000000,237.50
10558,51,53.00,20,0.000,1060.0000000,1060.00
10558,52,7.00,30,0.000,210.0000000,210.00
10558,53,32.80,18,0.000,590.4000000,590.40
10558,73,15.00,3,0.000,45.0000000,45.00
10559,41,9.65,12,0.050,110.0100000,115.80
10559,55,24.00,18,0.050,410.4000000,432.00
10560,30,25.89,20,0.000,517.8000000,517.80
10560,62,49.30,15,0.250,554.6250000,739.50
10561,44,19.45,10,0.000,194.5000000,194.50
10561,51,53.00,50,0.000,2650.0000000,2650.00
10562,33,2.50,20,0.100,45.0000000,50.00
10562,62,49.30,10,0.100,443.7000000,493.00
10563,36,19.00,25,0.000,475.0000000,475.00
10563,52,7.00,70,0.000,490.0000000,490.00
10564,17,39.00,16,0.050,592.8000000,624.00
10564,31,12.50,6,0.050,71.2500000,75.00
10564,55,24.00,25,0.050,570.0000000,600.00
10565,64,33.25,18,0.100,538.6500000,598.50
10566,11,21.00,35,0.150,624.7500000,735.00
10566,18,62.50,18,0.150,956.2500000,1125.00
10566,76,18.00,10,0.000,180.0000000,180.00
10567,31,12.50,60,0.200,600.0000000,750.00
10567,51,53.00,3,0.000,159.0000000,159.00
10567,59,55.00,40,0.200,1760.0000000,2200.00
10568,10,31.00,5,0.000,155.0000000,155.00
10569,31,12.50,35,0.200,350.0000000,437.50
10569,76,18.00,30,0.000,540.0000000,540.00
10570,11,21.00,15,0.050,299.2500000,315.00
10570,56,38.00,60,0.050,2166.0000000,2280.00
10571,14,23.25,11,0.150,217.3875000,255.75
10571,42,14.00,28,0.150,333.2000000,392.00
10572,16,17.45,12,0.100,188.4600000,209.40
10572,32,32.00,10,0.100,288.0000000,320.00
10572,40,18.40,50,0.000,920.0000000,920.00
10572,75,7.75,15,0.100,104.6250000,116.25
10573,17,39.00,18,0.000,702.0000000,702.00
10573,34,14.00,40,0.000,560.0000000,560.00
10573,53,32.80,25,0.000,820.0000000,820.00
10574,33,2.50,14,0.000,35.0000000,35.00
10574,40,18.40,2,0.000,36.8000000,36.80
10574,62,49.30,10,0.000,493.0000000,493.00
10574,64,33.25,6,0.000,199.5000000,199.50
10575,59,55.00,12,0.000,660.0000000,660.00
10575,63,43.90,6,0.000,263.4000000,263.40
10575,72,34.80,30,0.000,1044.0000000,1044.00
10575,76,18.00,10,0.000,180.0000000,180.00
10576,1,18.00,10,0.000,180.0000000,180.00
10576,31,12.50,20,0.000,250.0000000,250.00
10576,44,19.45,21,0.000,408.4500000,408.45
10577,39,18.00,10,0.000,180.0000000,180.00
10577,75,7.75,20,0.000,155.0000000,155.00
10577,77,13.00,18,0.000,234.0000000,234.00
10578,35,18.00,20,0.000,360.0000000,360.00
10578,57,19.50,6,0.000,117.0000000,117.00
10579,15,15.50,10,0.000,155.0000000,155.00
10579,75,7.75,21,0.000,162.7500000,162.75
10580,14,23.25,15,0.050,331.3125000,348.75
10580,41,9.65,9,0.050,82.5075000,86.85
10580,65,21.05,30,0.050,599.9250000,631.50
10581,75,7.75,50,0.200,310.0000000,387.50
10582,57,19.50,4,0.000,78.0000000,78.00
10582,76,18.00,14,0.000,252.0000000,252.00
10583,29,123.79,10,0.000,1237.9000000,1237.90
10583,60,34.00,24,0.150,693.6000000,816.00
10583,69,36.00,10,0.150,306.0000000,360.00
10584,31,12.50,50,0.050,593.7500000,625.00
10585,47,9.50,15,0.000,142.5000000,142.50
10586,52,7.00,4,0.150,23.8000000,28.00
10587,26,31.23,6,0.000,187.3800000,187.38
10587,35,18.00,20,0.000,360.0000000,360.00
10587,77,13.00,20,0.000,260.0000000,260.00
10588,18,62.50,40,0.200,2000.0000000,2500.00
10588,42,14.00,100,0.200,1120.0000000,1400.00
10589,35,18.00,4,0.000,72.0000000,72.00
10590,1,18.00,20,0.000,360.0000000,360.00
10590,77,13.00,60,0.050,741.0000000,780.00
10591,3,10.00,14,0.000,140.0000000,140.00
10591,7,30.00,10,0.000,300.0000000,300.00
10591,54,7.45,50,0.000,372.5000000,372.50
10592,15,15.50,25,0.050,368.1250000,387.50
10592,26,31.23,5,0.050,148.3425000,156.15
10593,20,81.00,21,0.200,1360.8000000,1701.00
10593,69,36.00,20,0.200,576.0000000,720.00
10593,76,18.00,4,0.200,57.6000000,72.00
10594,52,7.00,24,0.000,168.0000000,168.00
10594,58,13.25,30,0.000,397.5000000,397.50
10595,35,18.00,30,0.250,405.0000000,540.00
10595,61,28.50,120,0.250,2565.0000000,3420.00
10595,69,36.00,65,0.250,1755.0000000,2340.00
10596,56,38.00,5,0.200,152.0000000,190.00
10596,63,43.90,24,0.200,842.8800000,1053.60
10596,75,7.75,30,0.200,186.0000000,232.50
10597,57,19.50,20,0.000,390.0000000,390.00
10597,65,21.05,12,0.200,202.0800000,252.60
10598,27,43.90,50,0.000,2195.0000000,2195.00
10598,71,21.50,9,0.000,193.5000000,193.50
10599,62,49.30,10,0.000,493.0000000,493.00
10600,54,7.45,4,0.000,29.8000000,29.80
10600,73,15.00,30,0.000,450.0000000,450.00
10601,13,6.00,60,0.000,360.0000000,360.00
10601,59,55.00,35,0.000,1925.0000000,1925.00
10602,77,13.00,5,0.250,48.7500000,65.00
10603,22,21.00,48,0.000,1008.0000000,1008.00
10603,49,20.00,25,0.050,475.0000000,500.00
10604,48,12.75,6,0.100,68.8500000,76.50
10604,76,18.00,10,0.100,162.0000000,180.00
10605,16,17.45,30,0.050,497.3250000,523.50
10605,59,55.00,20,0.050,1045.0000000,1100.00
10605,60,34.00,70,0.050,2261.0000000,2380.00
10605,71,21.50,15,0.050,306.3750000,322.50
10606,4,22.00,20,0.200,352.0000000,440.00
10606,55,24.00,20,0.200,384.0000000,480.00
10606,62,49.30,10,0.200,394.4000000,493.00
10607,7,30.00,45,0.000,1350.0000000,1350.00
10607,17,39.00,100,0.000,3900.0000000,3900.00
10607,33,2.50,14,0.000,35.0000000,35.00
10607,40,18.40,42,0.000,772.8000000,772.80
10607,72,34.80,12,0.000,417.6000000,417.60
10608,56,38.00,28,0.000,1064.0000000,1064.00
10609,1,18.00,3,0.000,54.0000000,54.00
10609,10,31.00,10,0.000,310.0000000,310.00
10609,21,10.00,6,0.000,60.0000000,60.00
10610,36,19.00,21,0.250,299.2500000,399.00
10611,1,18.00,6,0.000,108.0000000,108.00
10611,2,19.00,10,0.000,190.0000000,190.00
10611,60,34.00,15,0.000,510.0000000,510.00
10612,10,31.00,70,0.000,2170.0000000,2170.00
10612,36,19.00,55,0.000,1045.0000000,1045.00
10612,49,20.00,18,0.000,360.0000000,360.00
10612,60,34.00,40,0.000,1360.0000000,1360.00
10612,76,18.00,80,0.000,1440.0000000,1440.00
10613,13,6.00,8,0.100,43.2000000,48.00
10613,75,7.75,40,0.000,310.0000000,310.00
10614,11,21.00,14,0.000,294.0000000,294.00
10614,21,10.00,8,0.000,80.0000000,80.00
10614,39,18.00,5,0.000,90.0000000,90.00
10615,55,24.00,5,0.000,120.0000000,120.00
10616,38,263.50,15,0.050,3754.8750000,3952.50
10616,56,38.00,14,0.000,532.0000000,532.00
10616,70,15.00,15,0.050,213.7500000,225.00
10616,71,21.50,15,0.050,306.3750000,322.50
10617,59,55.00,30,0.150,1402.5000000,1650.00
10618,6,25.00,70,0.000,1750.0000000,1750.00
10618,56,38.00,20,0.000,760.0000000,760.00
10618,68,12.50,15,0.000,187.5000000,187.50
10619,21,10.00,42,0.000,420.0000000,420.00
10619,22,21.00,40,0.000,840.0000000,840.00
10620,52,7.00,5,0.000,35.0000000,35.00
10621,19,9.20,5,0.000,46.0000000,46.00
10621,23,9.00,10,0.000,90.0000000,90.00
10621,70,15.00,20,0.000,300.0000000,300.00
10621,71,21.50,15,0.000,322.5000000,322.50
10622,2,19.00,20,0.000,380.0000000,380.00
10622,68,12.50,18,0.200,180.0000000,225.00
10623,14,23.25,21,0.000,488.2500000,488.25
10623,19,9.20,15,0.100,124.2000000,138.00
10623,21,10.00,25,0.100,225.0000000,250.00
10623,35,18.00,30,0.100,486.0000000,540.00
10624,28,45.60,10,0.000,456.0000000,456.00
10624,29,123.79,6,0.000,742.7400000,742.74
10624,44,19.45,10,0.000,194.5000000,194.50
10625,14,23.25,3,0.000,69.7500000,69.75
10625,42,14.00,5,0.000,70.0000000,70.00
10625,60,34.00,10,0.000,340.0000000,340.00
10626,53,32.80,12,0.000,393.6000000,393.60
10626,60,34.00,20,0.000,680.0000000,680.00
10626,71,21.50,20,0.000,430.0000000,430.00
10627,62,49.30,15,0.000,739.5000000,739.50
10627,73,15.00,35,0.150,446.2500000,525.00
10628,1,18.00,25,0.000,450.0000000,450.00
10629,29,123.79,20,0.000,2475.8000000,2475.80
10629,64,33.25,9,0.000,299.2500000,299.25
10630,55,24.00,12,0.050,273.6000000,288.00
10630,76,18.00,35,0.000,630.0000000,630.00
10631,75,7.75,8,0.100,55.8000000,62.00
10632,2,19.00,30,0.050,541.5000000,570.00
10632,33,2.50,20,0.050,47.5000000,50.00
10633,12,38.00,36,0.150,1162.8000000,1368.00
10633,13,6.00,13,0.150,66.3000000,78.00
10633,26,31.23,35,0.150,929.0925000,1093.05
10633,62,49.30,80,0.150,3352.4000000,3944.00
10634,7,30.00,35,0.000,1050.0000000,1050.00
10634,18,62.50,50,0.000,3125.0000000,3125.00
10634,51,53.00,15,0.000,795.0000000,795.00
10634,75,7.75,2,0.000,15.5000000,15.50
10635,4,22.00,10,0.100,198.0000000,220.00
10635,5,21.35,15,0.100,288.2250000,320.25
10635,22,21.00,40,0.000,840.0000000,840.00
10636,4,22.00,25,0.000,550.0000000,550.00
10636,58,13.25,6,0.000,79.5000000,79.50
10637,11,21.00,10,0.000,210.0000000,210.00
10637,50,16.25,25,0.050,385.9375000,406.25
10637,56,38.00,60,0.050,2166.0000000,2280.00
10638,45,9.50,20,0.000,190.0000000,190.00
10638,65,21.05,21,0.000,442.0500000,442.05
10638,72,34.80,60,0.000,2088.0000000,2088.00
10639,18,62.50,8,0.000,500.0000000,500.00
10640,69,36.00,20,0.250,540.0000000,720.00
10640,70,15.00,15,0.250,168.7500000,225.00
10641,2,19.00,50,0.000,950.0000000,950.00
10641,40,18.40,60,0.000,1104.0000000,1104.00
10642,21,10.00,30,0.200,240.0000000,300.00
10642,61,28.50,20,0.200,456.0000000,570.00
10643,28,45.60,15,0.250,513.0000000,684.00
10643,39,18.00,21,0.250,283.5000000,378.00
10643,46,12.00,2,0.250,18.0000000,24.00
10644,18,62.50,4,0.100,225.0000000,250.00
10644,43,46.00,20,0.000,920.0000000,920.00
10644,46,12.00,21,0.100,226.8000000,252.00
10645,18,62.50,20,0.000,1250.0000000,1250.00
10645,36,19.00,15,0.000,285.0000000,285.00
10646,1,18.00,15,0.250,202.5000000,270.00
10646,10,31.00,18,0.250,418.5000000,558.00
10646,71,21.50,30,0.250,483.7500000,645.00
10646,77,13.00,35,0.250,341.2500000,455.00
10647,19,9.20,30,0.000,276.0000000,276.00
10647,39,18.00,20,0.000,360.0000000,360.00
10648,22,21.00,15,0.000,315.0000000,315.00
10649,28,45.60,20,0.000,912.0000000,912.00
10649,72,34.80,15,0.000,522.0000000,522.00
10650,30,25.89,30,0.000,776.7000000,776.70
10650,53,32.80,25,0.050,779.0000000,820.00
10650,54,7.45,30,0.000,223.5000000,223.50
10651,19,9.20,12,0.250,82.8000000,110.40
10651,22,21.00,20,0.250,315.0000000,420.00
10652,30,25.89,2,0.250,38.8350000,51.78
10652,42,14.00,20,0.000,280.0000000,280.00
10653,16,17.45,30,0.100,471.1500000,523.50
10653,60,34.00,20,0.100,612.0000000,680.00
10654,4,22.00,12,0.100,237.6000000,264.00
10654,39,18.00,20,0.100,324.0000000,360.00
10654,54,7.45,6,0.100,40.2300000,44.70
10655,41,9.65,20,0.200,154.4000000,193.00
10656,14,23.25,3,0.100,62.7750000,69.75
10656,44,19.45,28,0.100,490.1400000,544.60
10656,47,9.50,6,0.100,51.3000000,57.00
10657,15,15.50,50,0.000,775.0000000,775.00
10657,41,9.65,24,0.000,231.6000000,231.60
10657,46,12.00,45,0.000,540.0000000,540.00
10657,47,9.50,10,0.000,95.0000000,95.00
10657,56,38.00,45,0.000,1710.0000000,1710.00
10657,60,34.00,30,0.000,1020.0000000,1020.00
10658,21,10.00,60,0.000,600.0000000,600.00
10658,40,18.40,70,0.050,1223.6000000,1288.00
10658,60,34.00,55,0.050,1776.5000000,1870.00
10658,77,13.00,70,0.050,864.5000000,910.00
10659,31,12.50,20,0.050,237.5000000,250.00
10659,40,18.40,24,0.050,419.5200000,441.60
10659,70,15.00,40,0.050,570.0000000,600.00
10660,20,81.00,21,0.000,1701.0000000,1701.00
10661,39,18.00,3,0.200,43.2000000,54.00
10661,58,13.25,49,0.200,519.4000000,649.25
10662,68,12.50,10,0.000,125.0000000,125.00
10663,40,18.40,30,0.050,524.4000000,552.00
10663,42,14.00,30,0.050,399.0000000,420.00
10663,51,53.00,20,0.050,1007.0000000,1060.00
10664,10,31.00,24,0.150,632.4000000,744.00
10664,56,38.00,12,0.150,387.6000000,456.00
10664,65,21.05,15,0.150,268.3875000,315.75
10665,51,53.00,20,0.000,1060.0000000,1060.00
10665,59,55.00,1,0.000,55.0000000,55.00
10665,76,18.00,10,0.000,180.0000000,180.00
10666,29,123.79,36,0.000,4456.4400000,4456.44
10666,65,21.05,10,0.000,210.5000000,210.50
10667,69,36.00,45,0.200,1296.0000000,1620.00
10667,71,21.50,14,0.200,240.8000000,301.00
10668,31,12.50,8,0.100,90.0000000,100.00
10668,55,24.00,4,0.100,86.4000000,96.00
10668,64,33.25,15,0.100,448.8750000,498.75
10669,36,19.00,30,0.000,570.0000000,570.00
10670,23,9.00,32,0.000,288.0000000,288.00
10670,46,12.00,60,0.000,720.0000000,720.00
10670,67,14.00,25,0.000,350.0000000,350.00
10670,73,15.00,50,0.000,750.0000000,750.00
10670,75,7.75,25,0.000,193.7500000,193.75
10671,16,17.45,10,0.000,174.5000000,174.50
10671,62,49.30,10,0.000,493.0000000,493.00
10671,65,21.05,12,0.000,252.6000000,252.60
10672,38,263.50,15,0.100,3557.2500000,3952.50
10672,71,21.50,12,0.000,258.0000000,258.00
10673,16,17.45,3,0.000,52.3500000,52.35
10673,42,14.00,6,0.000,84.0000000,84.00
10673,43,46.00,6,0.000,276.0000000,276.00
10674,23,9.00,5,0.000,45.0000000,45.00
10675,14,23.25,30,0.000,697.5000000,697.50
10675,53,32.80,10,0.000,328.0000000,328.00
10675,58,13.25,30,0.000,397.5000000,397.50
10676,10,31.00,2,0.000,62.0000000,62.00
10676,19,9.20,7,0.000,64.4000000,64.40
10676,44,19.45,21,0.000,408.4500000,408.45
10677,26,31.23,30,0.150,796.3650000,936.90
10677,33,2.50,8,0.150,17.0000000,20.00
10678,12,38.00,100,0.000,3800.0000000,3800.00
10678,33,2.50,30,0.000,75.0000000,75.00
10678,41,9.65,120,0.000,1158.0000000,1158.00
10678,54,7.45,30,0.000,223.5000000,223.50
10679,59,55.00,12,0.000,660.0000000,660.00
10680,16,17.45,50,0.250,654.3750000,872.50
10680,31,12.50,20,0.250,187.5000000,250.00
10680,42,14.00,40,0.250,420.0000000,560.00
10681,19,9.20,30,0.100,248.4000000,276.00
10681,21,10.00,12,0.100,108.0000000,120.00
10681,64,33.25,28,0.000,931.0000000,931.00
10682,33,2.50,30,0.000,75.0000000,75.00
10682,66,17.00,4,0.000,68.0000000,68.00
10682,75,7.75,30,0.000,232.5000000,232.50
10683,52,7.00,9,0.000,63.0000000,63.00
10684,40,18.40,20,0.000,368.0000000,368.00
10684,47,9.50,40,0.000,380.0000000,380.00
10684,60,34.00,30,0.000,1020.0000000,1020.00
10685,10,31.00,20,0.000,620.0000000,620.00
10685,41,9.65,4,0.000,38.6000000,38.60
10685,47,9.50,15,0.000,142.5000000,142.50
10686,17,39.00,30,0.200,936.0000000,1170.00
10686,26,31.23,15,0.000,468.4500000,468.45
10687,9,97.00,50,0.250,3637.5000000,4850.00
10687,29,123.79,10,0.000,1237.9000000,1237.90
10687,36,19.00,6,0.250,85.5000000,114.00
10688,10,31.00,18,0.100,502.2000000,558.00
10688,28,45.60,60,0.100,2462.4000000,2736.00
10688,34,14.00,14,0.000,196.0000000,196.00
10689,1,18.00,35,0.250,472.5000000,630.00
10690,56,38.00,20,0.250,570.0000000,760.00
10690,77,13.00,30,0.250,292.5000000,390.00
10691,1,18.00,30,0.000,540.0000000,540.00
10691,29,123.79,40,0.000,4951.6000000,4951.60
10691,43,46.00,40,0.000,1840.0000000,1840.00
10691,44,19.45,24,0.000,466.8000000,466.80
10691,62,49.30,48,0.000,2366.4000000,2366.40
10692,63,43.90,20,0.000,878.0000000,878.00
10693,9,97.00,6,0.000,582.0000000,582.00
10693,54,7.45,60,0.150,379.9500000,447.00
10693,69,36.00,30,0.150,918.0000000,1080.00
10693,73,15.00,15,0.150,191.2500000,225.00
10694,7,30.00,90,0.000,2700.0000000,2700.00
10694,59,55.00,25,0.000,1375.0000000,1375.00
10694,70,15.00,50,0.000,750.0000000,750.00
10695,8,40.00,10,0.000,400.0000000,400.00
10695,12,38.00,4,0.000,152.0000000,152.00
10696,17,39.00,20,0.000,780.0000000,780.00
10696,46,12.00,18,0.000,216.0000000,216.00
10697,19,9.20,7,0.250,48.3000000,64.40
10697,35,18.00,9,0.250,121.5000000,162.00
10697,58,13.25,30,0.250,298.1250000,397.50
10697,70,15.00,30,0.250,337.5000000,450.00
10698,11,21.00,15,0.000,315.0000000,315.00
10698,17,39.00,8,0.050,296.4000000,312.00
10698,29,123.79,12,0.050,1411.2060000,1485.48
10698,65,21.05,65,0.050,1299.8375000,1368.25
10698,70,15.00,8,0.050,114.0000000,120.00
10699,47,9.50,12,0.000,114.0000000,114.00
10700,1,18.00,5,0.200,72.0000000,90.00
10700,34,14.00,12,0.200,134.4000000,168.00
10700,68,12.50,40,0.200,400.0000000,500.00
10700,71,21.50,60,0.200,1032.0000000,1290.00
10701,59,55.00,42,0.150,1963.5000000,2310.00
10701,71,21.50,20,0.150,365.5000000,430.00
10701,76,18.00,35,0.150,535.5000000,630.00
10702,3,10.00,6,0.000,60.0000000,60.00
10702,76,18.00,15,0.000,270.0000000,270.00
10703,2,19.00,5,0.000,95.0000000,95.00
10703,59,55.00,35,0.000,1925.0000000,1925.00
10703,73,15.00,35,0.000,525.0000000,525.00
10704,4,22.00,6,0.000,132.0000000,132.00
10704,48,12.75,24,0.000,306.0000000,306.00
10705,31,12.50,20,0.000,250.0000000,250.00
10705,32,32.00,4,0.000,128.0000000,128.00
10706,16,17.45,20,0.000,349.0000000,349.00
10706,43,46.00,24,0.000,1104.0000000,1104.00
10706,59,55.00,8,0.000,440.0000000,440.00
10707,55,24.00,21,0.000,504.0000000,504.00
10707,57,19.50,40,0.000,780.0000000,780.00
10707,70,15.00,28,0.150,357.0000000,420.00
10708,5,21.35,4,0.000,85.4000000,85.40
10708,36,19.00,5,0.000,95.0000000,95.00
10709,8,40.00,40,0.000,1600.0000000,1600.00
10709,51,53.00,28,0.000,1484.0000000,1484.00
10709,60,34.00,10,0.000,340.0000000,340.00
10710,19,9.20,5,0.000,46.0000000,46.00
10710,47,9.50,5,0.000,47.5000000,47.50
10711,19,9.20,12,0.000,110.4000000,110.40
10711,41,9.65,42,0.000,405.3000000,405.30
10711,53,32.80,120,0.000,3936.0000000,3936.00
10712,53,32.80,3,0.050,93.4800000,98.40
10712,56,38.00,30,0.000,1140.0000000,1140.00
10713,10,31.00,18,0.000,558.0000000,558.00
10713,26,31.23,30,0.000,936.9000000,936.90
10713,45,9.50,110,0.000,1045.0000000,1045.00
10713,46,12.00,24,0.000,288.0000000,288.00
10714,2,19.00,30,0.250,427.5000000,570.00
10714,17,39.00,27,0.250,789.7500000,1053.00
10714,47,9.50,50,0.250,356.2500000,475.00
10714,56,38.00,18,0.250,513.0000000,684.00
10714,58,13.25,12,0.250,119.2500000,159.00
10715,10,31.00,21,0.000,651.0000000,651.00
10715,71,21.50,30,0.000,645.0000000,645.00
10716,21,10.00,5,0.000,50.0000000,50.00
10716,51,53.00,7,0.000,371.0000000,371.00
10716,61,28.50,10,0.000,285.0000000,285.00
10717,21,10.00,32,0.050,304.0000000,320.00
10717,54,7.45,15,0.000,111.7500000,111.75
10717,69,36.00,25,0.050,855.0000000,900.00
10718,12,38.00,36,0.000,1368.0000000,1368.00
10718,16,17.45,20,0.000,349.0000000,349.00
10718,36,19.00,40,0.000,760.0000000,760.00
10718,62,49.30,20,0.000,986.0000000,986.00
10719,18,62.50,12,0.250,562.5000000,750.00
10719,30,25.89,3,0.250,58.2525000,77.67
10719,54,7.45,40,0.250,223.5000000,298.00
10720,35,18.00,21,0.000,378.0000000,378.00
10720,71,21.50,8,0.000,172.0000000,172.00
10721,44,19.45,50,0.050,923.8750000,972.50
10722,2,19.00,3,0.000,57.0000000,57.00
10722,31,12.50,50,0.000,625.0000000,625.00
10722,68,12.50,45,0.000,562.5000000,562.50
10722,75,7.75,42,0.000,325.5000000,325.50
10723,26,31.23,15,0.000,468.4500000,468.45
10724,10,31.00,16,0.000,496.0000000,496.00
10724,61,28.50,5,0.000,142.5000000,142.50
10725,41,9.65,12,0.000,115.8000000,115.80
10725,52,7.00,4,0.000,28.0000000,28.00
10725,55,24.00,6,0.000,144.0000000,144.00
10726,4,22.00,25,0.000,550.0000000,550.00
10726,11,21.00,5,0.000,105.0000000,105.00
10727,17,39.00,20,0.050,741.0000000,780.00
10727,56,38.00,10,0.050,361.0000000,380.00
10727,59,55.00,10,0.050,522.5000000,550.00
10728,30,25.89,15,0.000,388.3500000,388.35
10728,40,18.40,6,0.000,110.4000000,110.40
10728,55,24.00,12,0.000,288.0000000,288.00
10728,60,34.00,15,0.000,510.0000000,510.00
10729,1,18.00,50,0.000,900.0000000,900.00
10729,21,10.00,30,0.000,300.0000000,300.00
10729,50,16.25,40,0.000,650.0000000,650.00
10730,16,17.45,15,0.050,248.6625000,261.75
10730,31,12.50,3,0.050,35.6250000,37.50
10730,65,21.05,10,0.050,199.9750000,210.50
10731,21,10.00,40,0.050,380.0000000,400.00
10731,51,53.00,30,0.050,1510.5000000,1590.00
10732,76,18.00,20,0.000,360.0000000,360.00
10733,14,23.25,16,0.000,372.0000000,372.00
10733,28,45.60,20,0.000,912.0000000,912.00
10733,52,7.00,25,0.000,175.0000000,175.00
10734,6,25.00,30,0.000,750.0000000,750.00
10734,30,25.89,15,0.000,388.3500000,388.35
10734,76,18.00,20,0.000,360.0000000,360.00
10735,61,28.50,20,0.100,513.0000000,570.00
10735,77,13.00,2,0.100,23.4000000,26.00
10736,65,21.05,40,0.000,842.0000000,842.00
10736,75,7.75,20,0.000,155.0000000,155.00
10737,13,6.00,4,0.000,24.0000000,24.00
10737,41,9.65,12,0.000,115.8000000,115.80
10738,16,17.45,3,0.000,52.3500000,52.35
10739,36,19.00,6,0.000,114.0000000,114.00
10739,52,7.00,18,0.000,126.0000000,126.00
10740,28,45.60,5,0.200,182.4000000,228.00
10740,35,18.00,35,0.200,504.0000000,630.00
10740,45,9.50,40,0.200,304.0000000,380.00
10740,56,38.00,14,0.200,425.6000000,532.00
10741,2,19.00,15,0.200,228.0000000,285.00
10742,3,10.00,20,0.000,200.0000000,200.00
10742,60,34.00,50,0.000,1700.0000000,1700.00
10742,72,34.80,35,0.000,1218.0000000,1218.00
10743,46,12.00,28,0.050,319.2000000,336.00
10744,40,18.40,50,0.200,736.0000000,920.00
10745,18,62.50,24,0.000,1500.0000000,1500.00
10745,44,19.45,16,0.000,311.2000000,311.20
10745,59,55.00,45,0.000,2475.0000000,2475.00
10745,72,34.80,7,0.000,243.6000000,243.60
10746,13,6.00,6,0.000,36.0000000,36.00
10746,42,14.00,28,0.000,392.0000000,392.00
10746,62,49.30,9,0.000,443.7000000,443.70
10746,69,36.00,40,0.000,1440.0000000,1440.00
10747,31,12.50,8,0.000,100.0000000,100.00
10747,41,9.65,35,0.000,337.7500000,337.75
10747,63,43.90,9,0.000,395.1000000,395.10
10747,69,36.00,30,0.000,1080.0000000,1080.00
10748,23,9.00,44,0.000,396.0000000,396.00
10748,40,18.40,40,0.000,736.0000000,736.00
10748,56,38.00,28,0.000,1064.0000000,1064.00
10749,56,38.00,15,0.000,570.0000000,570.00
10749,59,55.00,6,0.000,330.0000000,330.00
10749,76,18.00,10,0.000,180.0000000,180.00
10750,14,23.25,5,0.150,98.8125000,116.25
10750,45,9.50,40,0.150,323.0000000,380.00
10750,59,55.00,25,0.150,1168.7500000,1375.00
10751,26,31.23,12,0.100,337.2840000,374.76
10751,30,25.89,30,0.000,776.7000000,776.70
10751,50,16.25,20,0.100,292.5000000,325.00
10751,73,15.00,15,0.000,225.0000000,225.00
10752,1,18.00,8,0.000,144.0000000,144.00
10752,69,36.00,3,0.000,108.0000000,108.00
10753,45,9.50,4,0.000,38.0000000,38.00
10753,74,10.00,5,0.000,50.0000000,50.00
10754,40,18.40,3,0.000,55.2000000,55.20
10755,47,9.50,30,0.250,213.7500000,285.00
10755,56,38.00,30,0.250,855.0000000,1140.00
10755,57,19.50,14,0.250,204.7500000,273.00
10755,69,36.00,25,0.250,675.0000000,900.00
10756,18,62.50,21,0.200,1050.0000000,1312.50
10756,36,19.00,20,0.200,304.0000000,380.00
10756,68,12.50,6,0.200,60.0000000,75.00
10756,69,36.00,20,0.200,576.0000000,720.00
10757,34,14.00,30,0.000,420.0000000,420.00
10757,59,55.00,7,0.000,385.0000000,385.00
10757,62,49.30,30,0.000,1479.0000000,1479.00
10757,64,33.25,24,0.000,798.0000000,798.00
10758,26,31.23,20,0.000,624.6000000,624.60
10758,52,7.00,60,0.000,420.0000000,420.00
10758,70,15.00,40,0.000,600.0000000,600.00
10759,32,32.00,10,0.000,320.0000000,320.00
10760,25,14.00,12,0.250,126.0000000,168.00
10760,27,43.90,40,0.000,1756.0000000,1756.00
10760,43,46.00,30,0.250,1035.0000000,1380.00
10761,25,14.00,35,0.250,367.5000000,490.00
10761,75,7.75,18,0.000,139.5000000,139.50
10762,39,18.00,16,0.000,288.0000000,288.00
10762,47,9.50,30,0.000,285.0000000,285.00
10762,51,53.00,28,0.000,1484.0000000,1484.00
10762,56,38.00,60,0.000,2280.0000000,2280.00
10763,21,10.00,40,0.000,400.0000000,400.00
10763,22,21.00,6,0.000,126.0000000,126.00
10764,3,10.00,20,0.100,180.0000000,200.00
10764,39,18.00,130,0.100,2106.0000000,2340.00
10765,65,21.05,80,0.100,1515.6000000,1684.00
10766,2,19.00,40,0.000,760.0000000,760.00
10766,7,30.00,35,0.000,1050.0000000,1050.00
10766,68,12.50,40,0.000,500.0000000,500.00
10767,42,14.00,2,0.000,28.0000000,28.00
10768,22,21.00,4,0.000,84.0000000,84.00
10768,31,12.50,50,0.000,625.0000000,625.00
10768,60,34.00,15,0.000,510.0000000,510.00
10768,71,21.50,12,0.000,258.0000000,258.00
10769,41,9.65,30,0.050,275.0250000,289.50
10769,52,7.00,15,0.050,99.7500000,105.00
10769,61,28.50,20,0.000,570.0000000,570.00
10769,62,49.30,15,0.000,739.5000000,739.50
10770,11,21.00,15,0.250,236.2500000,315.00
10771,71,21.50,16,0.000,344.0000000,344.00
10772,29,123.79,18,0.000,2228.2200000,2228.22
10772,59,55.00,25,0.000,1375.0000000,1375.00
10773,17,39.00,33,0.000,1287.0000000,1287.00
10773,31,12.50,70,0.200,700.0000000,875.00
10773,75,7.75,7,0.200,43.4000000,54.25
10774,31,12.50,2,0.250,18.7500000,25.00
10774,66,17.00,50,0.000,850.0000000,850.00
10775,10,31.00,6,0.000,186.0000000,186.00
10775,67,14.00,3,0.000,42.0000000,42.00
10776,31,12.50,16,0.050,190.0000000,200.00
10776,42,14.00,12,0.050,159.6000000,168.00
10776,45,9.50,27,0.050,243.6750000,256.50
10776,51,53.00,120,0.050,6042.0000000,6360.00
10777,42,14.00,20,0.200,224.0000000,280.00
10778,41,9.65,10,0.000,96.5000000,96.50
10779,16,17.45,20,0.000,349.0000000,349.00
10779,62,49.30,20,0.000,986.0000000,986.00
10780,70,15.00,35,0.000,525.0000000,525.00
10780,77,13.00,15,0.000,195.0000000,195.00
10781,54,7.45,3,0.200,17.8800000,22.35
10781,56,38.00,20,0.200,608.0000000,760.00
10781,74,10.00,35,0.000,350.0000000,350.00
10782,31,12.50,1,0.000,12.5000000,12.50
10783,31,12.50,10,0.000,125.0000000,125.00
10783,38,263.50,5,0.000,1317.5000000,1317.50
10784,36,19.00,30,0.000,570.0000000,570.00
10784,39,18.00,2,0.150,30.6000000,36.00
10784,72,34.80,30,0.150,887.4000000,1044.00
10785,10,31.00,10,0.000,310.0000000,310.00
10785,75,7.75,10,0.000,77.5000000,77.50
10786,8,40.00,30,0.200,960.0000000,1200.00
10786,30,25.89,15,0.200,310.6800000,388.35
10786,75,7.75,42,0.200,260.4000000,325.50
10787,2,19.00,15,0.050,270.7500000,285.00
10787,29,123.79,20,0.050,2352.0100000,2475.80
10788,19,9.20,50,0.050,437.0000000,460.00
10788,75,7.75,40,0.050,294.5000000,310.00
10789,18,62.50,30,0.000,1875.0000000,1875.00
10789,35,18.00,15,0.000,270.0000000,270.00
10789,63,43.90,30,0.000,1317.0000000,1317.00
10789,68,12.50,18,0.000,225.0000000,225.00
10790,7,30.00,3,0.150,76.5000000,90.00
10790,56,38.00,20,0.150,646.0000000,760.00
10791,29,123.79,14,0.050,1646.4070000,1733.06
10791,41,9.65,20,0.050,183.3500000,193.00
10792,2,19.00,10,0.000,190.0000000,190.00
10792,54,7.45,3,0.000,22.3500000,22.35
10792,68,12.50,15,0.000,187.5000000,187.50
10793,41,9.65,14,0.000,135.1000000,135.10
10793,52,7.00,8,0.000,56.0000000,56.00
10794,14,23.25,15,0.200,279.0000000,348.75
10794,54,7.45,6,0.200,35.7600000,44.70
10795,16,17.45,65,0.000,1134.2500000,1134.25
10795,17,39.00,35,0.250,1023.7500000,1365.00
10796,26,31.23,21,0.200,524.6640000,655.83
10796,44,19.45,10,0.000,194.5000000,194.50
10796,64,33.25,35,0.200,931.0000000,1163.75
10796,69,36.00,24,0.200,691.2000000,864.00
10797,11,21.00,20,0.000,420.0000000,420.00
10798,62,49.30,2,0.000,98.6000000,98.60
10798,72,34.80,10,0.000,348.0000000,348.00
10799,13,6.00,20,0.150,102.0000000,120.00
10799,59,55.00,25,0.000,1375.0000000,1375.00
10800,11,21.00,50,0.100,945.0000000,1050.00
10800,51,53.00,10,0.100,477.0000000,530.00
10800,54,7.45,7,0.100,46.9350000,52.15
10801,17,39.00,40,0.250,1170.0000000,1560.00
10801,29,123.79,20,0.250,1856.8500000,2475.80
10802,30,25.89,25,0.250,485.4375000,647.25
10802,51,53.00,30,0.250,1192.5000000,1590.00
10802,55,24.00,60,0.250,1080.0000000,1440.00
10802,62,49.30,5,0.250,184.8750000,246.50
10803,19,9.20,24,0.050,209.7600000,220.80
10803,25,14.00,15,0.050,199.5000000,210.00
10803,59,55.00,15,0.050,783.7500000,825.00
10804,10,31.00,36,0.000,1116.0000000,1116.00
10804,28,45.60,24,0.000,1094.4000000,1094.40
10804,49,20.00,4,0.150,68.0000000,80.00
10805,34,14.00,10,0.000,140.0000000,140.00
10805,38,263.50,10,0.000,2635.0000000,2635.00
10806,2,19.00,20,0.250,285.0000000,380.00
10806,65,21.05,2,0.000,42.1000000,42.10
10806,74,10.00,15,0.250,112.5000000,150.00
10807,40,18.40,1,0.000,18.4000000,18.40
10808,56,38.00,20,0.150,646.0000000,760.00
10808,76,18.00,50,0.150,765.0000000,900.00
10809,52,7.00,20,0.000,140.0000000,140.00
10810,13,6.00,7,0.000,42.0000000,42.00
10810,25,14.00,5,0.000,70.0000000,70.00
10810,70,15.00,5,0.000,75.0000000,75.00
10811,19,9.20,15,0.000,138.0000000,138.00
10811,23,9.00,18,0.000,162.0000000,162.00
10811,40,18.40,30,0.000,552.0000000,552.00
10812,31,12.50,16,0.100,180.0000000,200.00
10812,72,34.80,40,0.100,1252.8000000,1392.00
10812,77,13.00,20,0.000,260.0000000,260.00
10813,2,19.00,12,0.200,182.4000000,228.00
10813,46,12.00,35,0.000,420.0000000,420.00
10814,41,9.65,20,0.000,193.0000000,193.00
10814,43,46.00,20,0.150,782.0000000,920.00
10814,48,12.75,8,0.150,86.7000000,102.00
10814,61,28.50,30,0.150,726.7500000,855.00
10815,33,2.50,16,0.000,40.0000000,40.00
10816,38,263.50,30,0.050,7509.7500000,7905.00
10816,62,49.30,20,0.050,936.7000000,986.00
10817,26,31.23,40,0.150,1061.8200000,1249.20
10817,38,263.50,30,0.000,7905.0000000,7905.00
10817,40,18.40,60,0.150,938.4000000,1104.00
10817,62,49.30,25,0.150,1047.6250000,1232.50
10818,32,32.00,20,0.000,640.0000000,640.00
10818,41,9.65,20,0.000,193.0000000,193.00
10819,43,46.00,7,0.000,322.0000000,322.00
10819,75,7.75,20,0.000,155.0000000,155.00
10820,56,38.00,30,0.000,1140.0000000,1140.00
10821,35,18.00,20,0.000,360.0000000,360.00
10821,51,53.00,6,0.000,318.0000000,318.00
10822,62,49.30,3,0.000,147.9000000,147.90
10822,70,15.00,6,0.000,90.0000000,90.00
10823,11,21.00,20,0.100,378.0000000,420.00
10823,57,19.50,15,0.000,292.5000000,292.50
10823,59,55.00,40,0.100,1980.0000000,2200.00
10823,77,13.00,15,0.100,175.5000000,195.00
10824,41,9.65,12,0.000,115.8000000,115.80
10824,70,15.00,9,0.000,135.0000000,135.00
10825,26,31.23,12,0.000,374.7600000,374.76
10825,53,32.80,20,0.000,656.0000000,656.00
10826,31,12.50,35,0.000,437.5000000,437.50
10826,57,19.50,15,0.000,292.5000000,292.50
10827,10,31.00,15,0.000,465.0000000,465.00
10827,39,18.00,21,0.000,378.0000000,378.00
10828,20,81.00,5,0.000,405.0000000,405.00
10828,38,263.50,2,0.000,527.0000000,527.00
10829,2,19.00,10,0.000,190.0000000,190.00
10829,8,40.00,20,0.000,800.0000000,800.00
10829,13,6.00,10,0.000,60.0000000,60.00
10829,60,34.00,21,0.000,714.0000000,714.00
10830,6,25.00,6,0.000,150.0000000,150.00
10830,39,18.00,28,0.000,504.0000000,504.00
10830,60,34.00,30,0.000,1020.0000000,1020.00
10830,68,12.50,24,0.000,300.0000000,300.00
10831,19,9.20,2,0.000,18.4000000,18.40
10831,35,18.00,8,0.000,144.0000000,144.00
10831,38,263.50,8,0.000,2108.0000000,2108.00
10831,43,46.00,9,0.000,414.0000000,414.00
10832,13,6.00,3,0.200,14.4000000,18.00
10832,25,14.00,10,0.200,112.0000000,140.00
10832,44,19.45,16,0.200,248.9600000,311.20
10832,64,33.25,3,0.000,99.7500000,99.75
10833,7,30.00,20,0.100,540.0000000,600.00
10833,31,12.50,9,0.100,101.2500000,112.50
10833,53,32.80,9,0.100,265.6800000,295.20
10834,29,123.79,8,0.050,940.8040000,990.32
10834,30,25.89,20,0.050,491.9100000,517.80
10835,59,55.00,15,0.000,825.0000000,825.00
10835,77,13.00,2,0.200,20.8000000,26.00
10836,22,21.00,52,0.000,1092.0000000,1092.00
10836,35,18.00,6,0.000,108.0000000,108.00
10836,57,19.50,24,0.000,468.0000000,468.00
10836,60,34.00,60,0.000,2040.0000000,2040.00
10836,64,33.25,30,0.000,997.5000000,997.50
10837,13,6.00,6,0.000,36.0000000,36.00
10837,40,18.40,25,0.000,460.0000000,460.00
10837,47,9.50,40,0.250,285.0000000,380.00
10837,76,18.00,21,0.250,283.5000000,378.00
10838,1,18.00,4,0.250,54.0000000,72.00
10838,18,62.50,25,0.250,1171.8750000,1562.50
10838,36,19.00,50,0.250,712.5000000,950.00
10839,58,13.25,30,0.100,357.7500000,397.50
10839,72,34.80,15,0.100,469.8000000,522.00
10840,25,14.00,6,0.200,67.2000000,84.00
10840,39,18.00,10,0.200,144.0000000,180.00
10841,10,31.00,16,0.000,496.0000000,496.00
10841,56,38.00,30,0.000,1140.0000000,1140.00
10841,59,55.00,50,0.000,2750.0000000,2750.00
10841,77,13.00,15,0.000,195.0000000,195.00
10842,11,21.00,15,0.000,315.0000000,315.00
10842,43,46.00,5,0.000,230.0000000,230.00
10842,68,12.50,20,0.000,250.0000000,250.00
10842,70,15.00,12,0.000,180.0000000,180.00
10843,51,53.00,4,0.250,159.0000000,212.00
10844,22,21.00,35,0.000,735.0000000,735.00
10845,23,9.00,70,0.100,567.0000000,630.00
10845,35,18.00,25,0.100,405.0000000,450.00
10845,42,14.00,42,0.100,529.2000000,588.00
10845,58,13.25,60,0.100,715.5000000,795.00
10845,64,33.25,48,0.000,1596.0000000,1596.00
10846,4,22.00,21,0.000,462.0000000,462.00
10846,70,15.00,30,0.000,450.0000000,450.00
10846,74,10.00,20,0.000,200.0000000,200.00
10847,1,18.00,80,0.200,1152.0000000,1440.00
10847,19,9.20,12,0.200,88.3200000,110.40
10847,37,26.00,60,0.200,1248.0000000,1560.00
10847,45,9.50,36,0.200,273.6000000,342.00
10847,60,34.00,45,0.200,1224.0000000,1530.00
10847,71,21.50,55,0.200,946.0000000,1182.50
10848,5,21.35,30,0.000,640.5000000,640.50
10848,9,97.00,3,0.000,291.0000000,291.00
10849,3,10.00,49,0.000,490.0000000,490.00
10849,26,31.23,18,0.150,477.8190000,562.14
10850,25,14.00,20,0.150,238.0000000,280.00
10850,33,2.50,4,0.150,8.5000000,10.00
10850,70,15.00,30,0.150,382.5000000,450.00
10851,2,19.00,5,0.050,90.2500000,95.00
10851,25,14.00,10,0.050,133.0000000,140.00
10851,57,19.50,10,0.050,185.2500000,195.00
10851,59,55.00,42,0.050,2194.5000000,2310.00
10852,2,19.00,15,0.000,285.0000000,285.00
10852,17,39.00,6,0.000,234.0000000,234.00
10852,62,49.30,50,0.000,2465.0000000,2465.00
10853,18,62.50,10,0.000,625.0000000,625.00
10854,10,31.00,100,0.150,2635.0000000,3100.00
10854,13,6.00,65,0.150,331.5000000,390.00
10855,16,17.45,50,0.000,872.5000000,872.50
10855,31,12.50,14,0.000,175.0000000,175.00
10855,56,38.00,24,0.000,912.0000000,912.00
10855,65,21.05,15,0.150,268.3875000,315.75
10856,2,19.00,20,0.000,380.0000000,380.00
10856,42,14.00,20,0.000,280.0000000,280.00
10857,3,10.00,30,0.000,300.0000000,300.00
10857,26,31.23,35,0.250,819.7875000,1093.05
10857,29,123.79,10,0.250,928.4250000,1237.90
10858,7,30.00,5,0.000,150.0000000,150.00
10858,27,43.90,10,0.000,439.0000000,439.00
10858,70,15.00,4,0.000,60.0000000,60.00
10859,54,7.45,35,0.250,195.5625000,260.75
10859,64,33.25,30,0.250,748.1250000,997.50
10860,51,53.00,3,0.000,159.0000000,159.00
10860,76,18.00,20,0.000,360.0000000,360.00
10861,17,39.00,42,0.000,1638.0000000,1638.00
10861,18,62.50,20,0.000,1250.0000000,1250.00
10861,21,10.00,40,0.000,400.0000000,400.00
10861,33,2.50,35,0.000,87.5000000,87.50
10861,62,49.30,3,0.000,147.9000000,147.90
10862,11,21.00,25,0.000,525.0000000,525.00
10862,52,7.00,8,0.000,56.0000000,56.00
10863,1,18.00,20,0.150,306.0000000,360.00
10863,58,13.25,12,0.150,135.1500000,159.00
10864,35,18.00,4,0.000,72.0000000,72.00
10864,67,14.00,15,0.000,210.0000000,210.00
10865,38,263.50,60,0.050,15019.5000000,15810.00
10865,39,18.00,80,0.050,1368.0000000,1440.00
10866,2,19.00,21,0.250,299.2500000,399.00
10866,30,25.89,40,0.250,776.7000000,1035.60
10867,53,32.80,3,0.000,98.4000000,98.40
10868,26,31.23,20,0.000,624.6000000,624.60
10868,35,18.00,30,0.000,540.0000000,540.00
10868,49,20.00,42,0.100,756.0000000,840.00
10869,1,18.00,40,0.000,720.0000000,720.00
10869,11,21.00,10,0.000,210.0000000,210.00
10869,23,9.00,50,0.000,450.0000000,450.00
10869,68,12.50,20,0.000,250.0000000,250.00
10870,35,18.00,3,0.000,54.0000000,54.00
10870,51,53.00,2,0.000,106.0000000,106.00
10871,6,25.00,50,0.050,1187.5000000,1250.00
10871,16,17.45,12,0.050,198.9300000,209.40
10871,17,39.00,16,0.050,592.8000000,624.00
10872,55,24.00,10,0.050,228.0000000,240.00
10872,62,49.30,20,0.050,936.7000000,986.00
10872,64,33.25,15,0.050,473.8125000,498.75
10872,65,21.05,21,0.050,419.9475000,442.05
10873,21,10.00,20,0.000,200.0000000,200.00
10873,28,45.60,3,0.000,136.8000000,136.80
10874,10,31.00,10,0.000,310.0000000,310.00
10875,19,9.20,25,0.000,230.0000000,230.00
10875,47,9.50,21,0.100,179.5500000,199.50
10875,49,20.00,15,0.000,300.0000000,300.00
10876,46,12.00,21,0.000,252.0000000,252.00
10876,64,33.25,20,0.000,665.0000000,665.00
10877,16,17.45,30,0.250,392.6250000,523.50
10877,18,62.50,25,0.000,1562.5000000,1562.50
10878,20,81.00,20,0.050,1539.0000000,1620.00
10879,40,18.40,12,0.000,220.8000000,220.80
10879,65,21.05,10,0.000,210.5000000,210.50
10879,76,18.00,10,0.000,180.0000000,180.00
10880,23,9.00,30,0.200,216.0000000,270.00
10880,61,28.50,30,0.200,684.0000000,855.00
10880,70,15.00,50,0.200,600.0000000,750.00
10881,73,15.00,10,0.000,150.0000000,150.00
10882,42,14.00,25,0.000,350.0000000,350.00
10882,49,20.00,20,0.150,340.0000000,400.00
10882,54,7.45,32,0.150,202.6400000,238.40
10884,21,10.00,40,0.050,380.0000000,400.00
10884,56,38.00,21,0.050,758.1000000,798.00
10884,65,21.05,12,0.050,239.9700000,252.60
10885,2,19.00,20,0.000,380.0000000,380.00
10885,70,15.00,30,0.000,450.0000000,450.00
10885,77,13.00,25,0.000,325.0000000,325.00
10886,10,31.00,70,0.000,2170.0000000,2170.00
10886,31,12.50,35,0.000,437.5000000,437.50
10886,77,13.00,40,0.000,520.0000000,520.00
10887,25,14.00,5,0.000,70.0000000,70.00
10888,2,19.00,20,0.000,380.0000000,380.00
10888,68,12.50,18,0.000,225.0000000,225.00
10889,11,21.00,40,0.000,840.0000000,840.00
10889,38,263.50,40,0.000,10540.0000000,10540.00
10890,17,39.00,15,0.000,585.0000000,585.00
10890,34,14.00,10,0.000,140.0000000,140.00
10890,41,9.65,14,0.000,135.1000000,135.10
10891,30,25.89,15,0.050,368.9325000,388.35
10892,59,55.00,40,0.050,2090.0000000,2200.00
10893,8,40.00,30,0.000,1200.0000000,1200.00
10893,29,123.79,24,0.000,2970.9600000,2970.96
10893,30,25.89,35,0.000,906.1500000,906.15
10893,36,19.00,20,0.000,380.0000000,380.00
10894,13,6.00,28,0.050,159.6000000,168.00
10894,69,36.00,50,0.050,1710.0000000,1800.00
10894,75,7.75,120,0.050,883.5000000,930.00
10895,39,18.00,45,0.000,810.0000000,810.00
10895,40,18.40,91,0.000,1674.4000000,1674.40
10895,60,34.00,100,0.000,3400.0000000,3400.00
10896,45,9.50,15,0.000,142.5000000,142.50
10896,56,38.00,16,0.000,608.0000000,608.00
10897,29,123.79,80,0.000,9903.2000000,9903.20
10897,30,25.89,36,0.000,932.0400000,932.04
10898,13,6.00,5,0.000,30.0000000,30.00
10899,39,18.00,8,0.150,122.4000000,144.00
10900,70,15.00,3,0.250,33.7500000,45.00
10901,41,9.65,30,0.000,289.5000000,289.50
10901,71,21.50,30,0.000,645.0000000,645.00
10902,55,24.00,30,0.150,612.0000000,720.00
10902,62,49.30,6,0.150,251.4300000,295.80
10903,13,6.00,40,0.000,240.0000000,240.00
10903,65,21.05,21,0.000,442.0500000,442.05
10903,68,12.50,20,0.000,250.0000000,250.00
10904,58,13.25,15,0.000,198.7500000,198.75
10904,62,49.30,35,0.000,1725.5000000,1725.50
10905,1,18.00,20,0.050,342.0000000,360.00
10906,61,28.50,15,0.000,427.5000000,427.50
10907,75,7.75,14,0.000,108.5000000,108.50
10908,7,30.00,20,0.050,570.0000000,600.00
10908,52,7.00,14,0.050,93.1000000,98.00
10909,7,30.00,12,0.000,360.0000000,360.00
10909,16,17.45,15,0.000,261.7500000,261.75
10909,41,9.65,5,0.000,48.2500000,48.25
10910,19,9.20,12,0.000,110.4000000,110.40
10910,49,20.00,10,0.000,200.0000000,200.00
10910,61,28.50,5,0.000,142.5000000,142.50
10911,1,18.00,10,0.000,180.0000000,180.00
10911,17,39.00,12,0.000,468.0000000,468.00
10911,67,14.00,15,0.000,210.0000000,210.00
10912,11,21.00,40,0.250,630.0000000,840.00
10912,29,123.79,60,0.250,5570.5500000,7427.40
10913,4,22.00,30,0.250,495.0000000,660.00
10913,33,2.50,40,0.250,75.0000000,100.00
10913,58,13.25,15,0.000,198.7500000,198.75
10914,71,21.50,25,0.000,537.5000000,537.50
10915,17,39.00,10,0.000,390.0000000,390.00
10915,33,2.50,30,0.000,75.0000000,75.00
10915,54,7.45,10,0.000,74.5000000,74.50
10916,16,17.45,6,0.000,104.7000000,104.70
10916,32,32.00,6,0.000,192.0000000,192.00
10916,57,19.50,20,0.000,390.0000000,390.00
10917,30,25.89,1,0.000,25.8900000,25.89
10917,60,34.00,10,0.000,340.0000000,340.00
10918,1,18.00,60,0.250,810.0000000,1080.00
10918,60,34.00,25,0.250,637.5000000,850.00
10919,16,17.45,24,0.000,418.8000000,418.80
10919,25,14.00,24,0.000,336.0000000,336.00
10919,40,18.40,20,0.000,368.0000000,368.00
10920,50,16.25,24,0.000,390.0000000,390.00
10921,35,18.00,10,0.000,180.0000000,180.00
10921,63,43.90,40,0.000,1756.0000000,1756.00
10922,17,39.00,15,0.000,585.0000000,585.00
10923,42,14.00,10,0.200,112.0000000,140.00
10923,43,46.00,10,0.200,368.0000000,460.00
10923,67,14.00,24,0.200,268.8000000,336.00
10924,10,31.00,20,0.100,558.0000000,620.00
10924,28,45.60,30,0.100,1231.2000000,1368.00
10924,75,7.75,6,0.000,46.5000000,46.50
10925,36,19.00,25,0.150,403.7500000,475.00
10925,52,7.00,12,0.150,71.4000000,84.00
10926,11,21.00,2,0.000,42.0000000,42.00
10926,13,6.00,10,0.000,60.0000000,60.00
10926,19,9.20,7,0.000,64.4000000,64.40
10926,72,34.80,10,0.000,348.0000000,348.00
10927,20,81.00,5,0.000,405.0000000,405.00
10927,52,7.00,5,0.000,35.0000000,35.00
10927,76,18.00,20,0.000,360.0000000,360.00
10928,47,9.50,5,0.000,47.5000000,47.50
10928,76,18.00,5,0.000,90.0000000,90.00
10929,21,10.00,60,0.000,600.0000000,600.00
10929,75,7.75,49,0.000,379.7500000,379.75
10929,77,13.00,15,0.000,195.0000000,195.00
10930,21,10.00,36,0.000,360.0000000,360.00
10930,27,43.90,25,0.000,1097.5000000,1097.50
10930,55,24.00,25,0.200,480.0000000,600.00
10930,58,13.25,30,0.200,318.0000000,397.50
10931,13,6.00,42,0.150,214.2000000,252.00
10931,57,19.50,30,0.000,585.0000000,585.00
10932,16,17.45,30,0.100,471.1500000,523.50
10932,62,49.30,14,0.100,621.1800000,690.20
10932,72,34.80,16,0.000,556.8000000,556.80
10932,75,7.75,20,0.100,139.5000000,155.00
10933,53,32.80,2,0.000,65.6000000,65.60
10933,61,28.50,30,0.000,855.0000000,855.00
10934,6,25.00,20,0.000,500.0000000,500.00
10935,1,18.00,21,0.000,378.0000000,378.00
10935,18,62.50,4,0.250,187.5000000,250.00
10935,23,9.00,8,0.250,54.0000000,72.00
10936,36,19.00,30,0.200,456.0000000,570.00
10937,28,45.60,8,0.000,364.8000000,364.80
10937,34,14.00,20,0.000,280.0000000,280.00
10938,13,6.00,20,0.250,90.0000000,120.00
10938,43,46.00,24,0.250,828.0000000,1104.00
10938,60,34.00,49,0.250,1249.5000000,1666.00
10938,71,21.50,35,0.250,564.3750000,752.50
10939,2,19.00,10,0.150,161.5000000,190.00
10939,67,14.00,40,0.150,476.0000000,560.00
10940,7,30.00,8,0.000,240.0000000,240.00
10940,13,6.00,20,0.000,120.0000000,120.00
10941,31,12.50,44,0.250,412.5000000,550.00
10941,62,49.30,30,0.250,1109.2500000,1479.00
10941,68,12.50,80,0.250,750.0000000,1000.00
10941,72,34.80,50,0.000,1740.0000000,1740.00
10942,49,20.00,28,0.000,560.0000000,560.00
10943,13,6.00,15,0.000,90.0000000,90.00
10943,22,21.00,21,0.000,441.0000000,441.00
10943,46,12.00,15,0.000,180.0000000,180.00
10944,11,21.00,5,0.250,78.7500000,105.00
10944,44,19.45,18,0.250,262.5750000,350.10
10944,56,38.00,18,0.000,684.0000000,684.00
10945,13,6.00,20,0.000,120.0000000,120.00
10945,31,12.50,10,0.000,125.0000000,125.00
10946,10,31.00,25,0.000,775.0000000,775.00
10946,77,13.00,40,0.000,520.0000000,520.00
10947,59,55.00,4,0.000,220.0000000,220.00
10948,50,16.25,9,0.000,146.2500000,146.25
10948,51,53.00,40,0.000,2120.0000000,2120.00
10948,55,24.00,4,0.000,96.0000000,96.00
10949,6,25.00,12,0.000,300.0000000,300.00
10949,10,31.00,30,0.000,930.0000000,930.00
10949,17,39.00,6,0.000,234.0000000,234.00
10949,62,49.30,60,0.000,2958.0000000,2958.00
10950,4,22.00,5,0.000,110.0000000,110.00
10951,33,2.50,15,0.050,35.6250000,37.50
10951,41,9.65,6,0.050,55.0050000,57.90
10951,75,7.75,50,0.050,368.1250000,387.50
10952,6,25.00,16,0.050,380.0000000,400.00
10952,28,45.60,2,0.000,91.2000000,91.20
10953,20,81.00,50,0.050,3847.5000000,4050.00
10953,31,12.50,50,0.050,593.7500000,625.00
10954,16,17.45,28,0.150,415.3100000,488.60
10954,31,12.50,25,0.150,265.6250000,312.50
10954,45,9.50,30,0.000,285.0000000,285.00
10954,60,34.00,24,0.150,693.6000000,816.00
10955,75,7.75,12,0.200,74.4000000,93.00
10956,21,10.00,12,0.000,120.0000000,120.00
10956,47,9.50,14,0.000,133.0000000,133.00
10956,51,53.00,8,0.000,424.0000000,424.00
10957,30,25.89,30,0.000,776.7000000,776.70
10957,35,18.00,40,0.000,720.0000000,720.00
10957,64,33.25,8,0.000,266.0000000,266.00
10958,5,21.35,20,0.000,427.0000000,427.00
10958,7,30.00,6,0.000,180.0000000,180.00
10958,72,34.80,5,0.000,174.0000000,174.00
10959,75,7.75,20,0.150,131.7500000,155.00
10960,41,9.65,24,0.000,231.6000000,231.60
10961,52,7.00,6,0.050,39.9000000,42.00
10961,76,18.00,60,0.000,1080.0000000,1080.00
10962,7,30.00,45,0.000,1350.0000000,1350.00
10962,13,6.00,77,0.000,462.0000000,462.00
10962,53,32.80,20,0.000,656.0000000,656.00
10962,69,36.00,9,0.000,324.0000000,324.00
10962,76,18.00,44,0.000,792.0000000,792.00
10963,60,34.00,2,0.150,57.8000000,68.00
10964,18,62.50,6,0.000,375.0000000,375.00
10964,38,263.50,5,0.000,1317.5000000,1317.50
10964,69,36.00,10,0.000,360.0000000,360.00
10965,51,53.00,16,0.000,848.0000000,848.00
10966,37,26.00,8,0.000,208.0000000,208.00
10966,56,38.00,12,0.150,387.6000000,456.00
10966,62,49.30,12,0.150,502.8600000,591.60
10967,19,9.20,12,0.000,110.4000000,110.40
10967,49,20.00,40,0.000,800.0000000,800.00
10968,12,38.00,30,0.000,1140.0000000,1140.00
10968,64,33.25,4,0.000,133.0000000,133.00
10969,46,12.00,9,0.000,108.0000000,108.00
10970,52,7.00,40,0.200,224.0000000,280.00
10971,29,123.79,14,0.000,1733.0600000,1733.06
10972,17,39.00,6,0.000,234.0000000,234.00
10972,33,2.50,7,0.000,17.5000000,17.50
10973,26,31.23,5,0.000,156.1500000,156.15
10973,41,9.65,6,0.000,57.9000000,57.90
10973,75,7.75,10,0.000,77.5000000,77.50
10974,63,43.90,10,0.000,439.0000000,439.00
10975,8,40.00,16,0.000,640.0000000,640.00
10975,75,7.75,10,0.000,77.5000000,77.50
10976,28,45.60,20,0.000,912.0000000,912.00
10977,39,18.00,30,0.000,540.0000000,540.00
10977,47,9.50,30,0.000,285.0000000,285.00
10977,51,53.00,10,0.000,530.0000000,530.00
10977,63,43.90,20,0.000,878.0000000,878.00
10978,8,40.00,20,0.150,680.0000000,800.00
10978,21,10.00,40,0.150,340.0000000,400.00
10978,40,18.40,10,0.000,184.0000000,184.00
10978,44,19.45,6,0.150,99.1950000,116.70
10979,7,30.00,18,0.000,540.0000000,540.00
10979,12,38.00,20,0.000,760.0000000,760.00
10979,27,43.90,30,0.000,1317.0000000,1317.00
10979,31,12.50,24,0.000,300.0000000,300.00
10979,63,43.90,35,0.000,1536.5000000,1536.50
10980,75,7.75,40,0.200,248.0000000,310.00
10981,38,263.50,60,0.000,15810.0000000,15810.00
10982,7,30.00,20,0.000,600.0000000,600.00
10982,43,46.00,9,0.000,414.0000000,414.00
10983,13,6.00,84,0.150,428.4000000,504.00
10983,57,19.50,15,0.000,292.5000000,292.50
10984,16,17.45,55,0.000,959.7500000,959.75
10984,36,19.00,40,0.000,760.0000000,760.00
10985,16,17.45,36,0.100,565.3800000,628.20
10985,18,62.50,8,0.100,450.0000000,500.00
10985,32,32.00,35,0.100,1008.0000000,1120.00
10986,11,21.00,30,0.000,630.0000000,630.00
10986,20,81.00,15,0.000,1215.0000000,1215.00
10986,76,18.00,10,0.000,180.0000000,180.00
10986,77,13.00,15,0.000,195.0000000,195.00
10987,7,30.00,60,0.000,1800.0000000,1800.00
10987,43,46.00,6,0.000,276.0000000,276.00
10987,72,34.80,20,0.000,696.0000000,696.00
10988,7,30.00,60,0.000,1800.0000000,1800.00
10988,62,49.30,40,0.100,1774.8000000,1972.00
10989,6,25.00,40,0.000,1000.0000000,1000.00
10989,11,21.00,15,0.000,315.0000000,315.00
10989,41,9.65,4,0.000,38.6000000,38.60
10990,21,10.00,65,0.000,650.0000000,650.00
10990,34,14.00,60,0.150,714.0000000,840.00
10990,55,24.00,65,0.150,1326.0000000,1560.00
10990,61,28.50,66,0.150,1598.8500000,1881.00
10991,2,19.00,50,0.200,760.0000000,950.00
10991,70,15.00,20,0.200,240.0000000,300.00
10991,76,18.00,90,0.200,1296.0000000,1620.00
10992,72,34.80,2,0.000,69.6000000,69.60
10993,29,123.79,50,0.250,4642.1250000,6189.50
10993,41,9.65,35,0.250,253.3125000,337.75
10994,59,55.00,18,0.050,940.5000000,990.00
10995,51,53.00,20,0.000,1060.0000000,1060.00
10995,60,34.00,4,0.000,136.0000000,136.00
10996,42,14.00,40,0.000,560.0000000,560.00
10997,32,32.00,50,0.000,1600.0000000,1600.00
10997,46,12.00,20,0.250,180.0000000,240.00
10997,52,7.00,20,0.250,105.0000000,140.00
10998,61,28.50,7,0.000,199.5000000,199.50
10998,74,10.00,20,0.000,200.0000000,200.00
10998,75,7.75,30,0.000,232.5000000,232.50
10999,41,9.65,20,0.050,183.3500000,193.00
10999,51,53.00,15,0.050,755.2500000,795.00
10999,77,13.00,21,0.050,259.3500000,273.00
11000,4,22.00,25,0.250,412.5000000,550.00
11000,77,13.00,30,0.000,390.0000000,390.00
11001,7,30.00,60,0.000,1800.0000000,1800.00
11001,22,21.00,25,0.000,525.0000000,525.00
11001,46,12.00,25,0.000,300.0000000,300.00
11001,55,24.00,6,0.000,144.0000000,144.00
11002,13,6.00,56,0.000,336.0000000,336.00
11002,35,18.00,15,0.150,229.5000000,270.00
11002,42,14.00,24,0.150,285.6000000,336.00
11002,55,24.00,40,0.000,960.0000000,960.00
11003,1,18.00,4,0.000,72.0000000,72.00
11003,40,18.40,10,0.000,184.0000000,184.00
11003,52,7.00,10,0.000,70.0000000,70.00
11004,26,31.23,6,0.000,187.3800000,187.38
11004,76,18.00,6,0.000,108.0000000,108.00
11005,1,18.00,2,0.000,36.0000000,36.00
11005,59,55.00,10,0.000,550.0000000,550.00
11006,1,18.00,8,0.000,144.0000000,144.00
11006,29,123.79,2,0.250,185.6850000,247.58
11007,8,40.00,30,0.000,1200.0000000,1200.00
11007,29,123.79,10,0.000,1237.9000000,1237.90
11007,42,14.00,14,0.000,196.0000000,196.00
11008,28,45.60,70,0.050,3032.4000000,3192.00
11008,34,14.00,90,0.050,1197.0000000,1260.00
11008,71,21.50,21,0.000,451.5000000,451.50
11009,36,19.00,18,0.250,256.5000000,342.00
11009,60,34.00,9,0.000,306.0000000,306.00
11010,7,30.00,20,0.000,600.0000000,600.00
11011,58,13.25,40,0.050,503.5000000,530.00
11011,71,21.50,20,0.000,430.0000000,430.00
11012,19,9.20,50,0.050,437.0000000,460.00
11012,60,34.00,36,0.050,1162.8000000,1224.00
11012,71,21.50,60,0.050,1225.5000000,1290.00
11013,23,9.00,10,0.000,90.0000000,90.00
11013,42,14.00,4,0.000,56.0000000,56.00
11013,45,9.50,20,0.000,190.0000000,190.00
11013,68,12.50,2,0.000,25.0000000,25.00
11014,41,9.65,28,0.100,243.1800000,270.20
11015,30,25.89,15,0.000,388.3500000,388.35
11015,77,13.00,18,0.000,234.0000000,234.00
11016,31,12.50,15,0.000,187.5000000,187.50
11016,36,19.00,16,0.000,304.0000000,304.00
11017,3,10.00,25,0.000,250.0000000,250.00
11017,59,55.00,110,0.000,6050.0000000,6050.00
11017,70,15.00,30,0.000,450.0000000,450.00
11018,12,38.00,20,0.000,760.0000000,760.00
11018,18,62.50,10,0.000,625.0000000,625.00
11018,56,38.00,5,0.000,190.0000000,190.00
11019,46,12.00,3,0.000,36.0000000,36.00
11019,49,20.00,2,0.000,40.0000000,40.00
11020,10,31.00,24,0.150,632.4000000,744.00
11021,2,19.00,11,0.250,156.7500000,209.00
11021,20,81.00,15,0.000,1215.0000000,1215.00
11021,26,31.23,63,0.000,1967.4900000,1967.49
11021,51,53.00,44,0.250,1749.0000000,2332.00
11021,72,34.80,35,0.000,1218.0000000,1218.00
11022,19,9.20,35,0.000,322.0000000,322.00
11022,69,36.00,30,0.000,1080.0000000,1080.00
11023,7,30.00,4,0.000,120.0000000,120.00
11023,43,46.00,30,0.000,1380.0000000,1380.00
11024,26,31.23,12,0.000,374.7600000,374.76
11024,33,2.50,30,0.000,75.0000000,75.00
11024,65,21.05,21,0.000,442.0500000,442.05
11024,71,21.50,50,0.000,1075.0000000,1075.00
11025,1,18.00,10,0.100,162.0000000,180.00
11025,13,6.00,20,0.100,108.0000000,120.00
11026,18,62.50,8,0.000,500.0000000,500.00
11026,51,53.00,10,0.000,530.0000000,530.00
11027,62,49.30,21,0.250,776.4750000,1035.30
11028,55,24.00,35,0.000,840.0000000,840.00
11028,59,55.00,24,0.000,1320.0000000,1320.00
11029,56,38.00,20,0.000,760.0000000,760.00
11029,63,43.90,12,0.000,526.8000000,526.80
11030,2,19.00,100,0.250,1425.0000000,1900.00
11030,5,21.35,70,0.000,1494.5000000,1494.50
11030,29,123.79,60,0.250,5570.5500000,7427.40
11030,59,55.00,100,0.250,4125.0000000,5500.00
11031,1,18.00,45,0.000,810.0000000,810.00
11031,13,6.00,80,0.000,480.0000000,480.00
11031,64,33.25,20,0.000,665.0000000,665.00
11031,71,21.50,16,0.000,344.0000000,344.00
11032,36,19.00,35,0.000,665.0000000,665.00
11032,38,263.50,25,0.000,6587.5000000,6587.50
11032,59,55.00,30,0.000,1650.0000000,1650.00
11033,53,32.80,70,0.100,2066.4000000,2296.00
11033,69,36.00,36,0.100,1166.4000000,1296.00
11034,21,10.00,15,0.100,135.0000000,150.00
11034,44,19.45,12,0.000,233.4000000,233.40
11034,61,28.50,6,0.000,171.0000000,171.00
11035,1,18.00,10,0.000,180.0000000,180.00
11035,35,18.00,60,0.000,1080.0000000,1080.00
11035,42,14.00,30,0.000,420.0000000,420.00
11035,54,7.45,10,0.000,74.5000000,74.50
11036,13,6.00,7,0.000,42.0000000,42.00
11036,59,55.00,30,0.000,1650.0000000,1650.00
11037,70,15.00,4,0.000,60.0000000,60.00
11038,40,18.40,5,0.200,73.6000000,92.00
11038,52,7.00,2,0.000,14.0000000,14.00
11038,71,21.50,30,0.000,645.0000000,645.00
11039,28,45.60,20,0.000,912.0000000,912.00
11039,35,18.00,24,0.000,432.0000000,432.00
11039,49,20.00,60,0.000,1200.0000000,1200.00
11039,57,19.50,28,0.000,546.0000000,546.00
11040,21,10.00,20,0.000,200.0000000,200.00
11041,2,19.00,30,0.200,456.0000000,570.00
11041,63,43.90,30,0.000,1317.0000000,1317.00
11042,44,19.45,15,0.000,291.7500000,291.75
11042,61,28.50,4,0.000,114.0000000,114.00
11043,11,21.00,10,0.000,210.0000000,210.00
11044,62,49.30,12,0.000,591.6000000,591.60
11045,33,2.50,15,0.000,37.5000000,37.50
11045,51,53.00,24,0.000,1272.0000000,1272.00
11046,12,38.00,20,0.050,722.0000000,760.00
11046,32,32.00,15,0.050,456.0000000,480.00
11046,35,18.00,18,0.050,307.8000000,324.00
11047,1,18.00,25,0.250,337.5000000,450.00
11047,5,21.35,30,0.250,480.3750000,640.50
11048,68,12.50,42,0.000,525.0000000,525.00
11049,2,19.00,10,0.200,152.0000000,190.00
11049,12,38.00,4,0.200,121.6000000,152.00
11050,76,18.00,50,0.100,810.0000000,900.00
11052,43,46.00,30,0.200,1104.0000000,1380.00
11052,61,28.50,10,0.200,228.0000000,285.00
11053,18,62.50,35,0.200,1750.0000000,2187.50
11053,32,32.00,20,0.000,640.0000000,640.00
11053,64,33.25,25,0.200,665.0000000,831.25
11054,33,2.50,10,0.000,25.0000000,25.00
11054,67,14.00,20,0.000,280.0000000,280.00
11055,25,14.00,15,0.000,210.0000000,210.00
11055,51,53.00,20,0.000,1060.0000000,1060.00
11055,57,19.50,20,0.000,390.0000000,390.00
11056,7,30.00,40,0.000,1200.0000000,1200.00
11056,55,24.00,35,0.000,840.0000000,840.00
11056,60,34.00,50,0.000,1700.0000000,1700.00
11057,70,15.00,3,0.000,45.0000000,45.00
11058,21,10.00,3,0.000,30.0000000,30.00
11058,60,34.00,21,0.000,714.0000000,714.00
11058,61,28.50,4,0.000,114.0000000,114.00
11059,13,6.00,30,0.000,180.0000000,180.00
11059,17,39.00,12,0.000,468.0000000,468.00
11059,60,34.00,35,0.000,1190.0000000,1190.00
11060,60,34.00,4,0.000,136.0000000,136.00
11060,77,13.00,10,0.000,130.0000000,130.00
11061,60,34.00,15,0.000,510.0000000,510.00
11062,53,32.80,10,0.200,262.4000000,328.00
11062,70,15.00,12,0.200,144.0000000,180.00
11063,34,14.00,30,0.000,420.0000000,420.00
11063,40,18.40,40,0.100,662.4000000,736.00
11063,41,9.65,30,0.100,260.5500000,289.50
11064,17,39.00,77,0.100,2702.7000000,3003.00
11064,41,9.65,12,0.000,115.8000000,115.80
11064,53,32.80,25,0.100,738.0000000,820.00
11064,55,24.00,4,0.100,86.4000000,96.00
11064,68,12.50,55,0.000,687.5000000,687.50
11065,30,25.89,4,0.250,77.6700000,103.56
11065,54,7.45,20,0.250,111.7500000,149.00
11066,16,17.45,3,0.000,52.3500000,52.35
11066,19,9.20,42,0.000,386.4000000,386.40
11066,34,14.00,35,0.000,490.0000000,490.00
11067,41,9.65,9,0.000,86.8500000,86.85
11068,28,45.60,8,0.150,310.0800000,364.80
11068,43,46.00,36,0.150,1407.6000000,1656.00
11068,77,13.00,28,0.150,309.4000000,364.00
11069,39,18.00,20,0.000,360.0000000,360.00
11070,1,18.00,40,0.150,612.0000000,720.00
11070,2,19.00,20,0.150,323.0000000,380.00
11070,16,17.45,30,0.150,444.9750000,523.50
11070,31,12.50,20,0.000,250.0000000,250.00
11071,7,30.00,15,0.050,427.5000000,450.00
11071,13,6.00,10,0.050,57.0000000,60.00
11072,2,19.00,8,0.000,152.0000000,152.00
11072,41,9.65,40,0.000,386.0000000,386.00
11072,50,16.25,22,0.000,357.5000000,357.50
11072,64,33.25,130,0.000,4322.5000000,4322.50
11073,11,21.00,10,0.000,210.0000000,210.00
11074,16,17.45,14,0.050,232.0850000,244.30
11075,2,19.00,10,0.150,161.5000000,190.00
11075,46,12.00,30,0.150,306.0000000,360.00
11075,76,18.00,2,0.150,30.6000000,36.00
11076,6,25.00,20,0.250,375.0000000,500.00
11076,14,23.25,20,0.250,348.7500000,465.00
11076,19,9.20,10,0.250,69.0000000,92.00
11077,2,19.00,24,0.200,364.8000000,456.00
11077,3,10.00,4,0.000,40.0000000,40.00
11077,4,22.00,1,0.000,22.0000000,22.00
11077,6,25.00,1,0.020,24.5000000,25.00
11077,7,30.00,1,0.050,28.5000000,30.00
11077,8,40.00,2,0.100,72.0000000,80.00
11077,10,31.00,1,0.000,31.0000000,31.00
11077,12,38.00,2,0.050,72.2000000,76.00
11077,13,6.00,4,0.000,24.0000000,24.00
11077,14,23.25,1,0.030,22.5525000,23.25
11077,16,17.45,2,0.030,33.8530000,34.90
11077,20,81.00,1,0.040,77.7600000,81.00
11077,23,9.00,2,0.000,18.0000000,18.00
11077,32,32.00,1,0.000,32.0000000,32.00
11077,39,18.00,2,0.050,34.2000000,36.00
11077,41,9.65,3,0.000,28.9500000,28.95
11077,46,12.00,3,0.020,35.2800000,36.00
11077,52,7.00,2,0.000,14.0000000,14.00
11077,55,24.00,2,0.000,48.0000000,48.00
11077,60,34.00,2,0.060,63.9200000,68.00
11077,64,33.25,2,0.030,64.5050000,66.50
11077,66,17.00,1,0.000,17.0000000,17.00
11077,73,15.00,2,0.010,29.7000000,30.00
11077,75,7.75,4,0.000,31.0000000,31.00
11077,77,13.00,2,0.000,26.0000000,26.00
